"---","WeaponID","HeroID","DisplayName","Description","Icon","Rarity","Branch","DamageMultiplier","AttackSpeedMultiplier","AttackScaleMultiplier","RangeMultiplier","BonusHitDamage","BonusPierceCount","BonusBounceCount","BonusAoeCount","BonusDotSources","BonusAoeRadius","BonusDotDuration","BonusDotTickDamageMultiplier","FalloffPerHitMultiplier"
"Hero_1_Grey_Base","Hero_1_Grey_Base","Hero_1","Arthur's Starter Weapon","Core Pierce auto-attack loadout. Grey starter tier.","/Game/Weapons/Sprites/Grey/Hero_1_Grey_Base.Hero_1_Grey_Base","Grey","Pierce","1.10","1.00","1.00","1.00","3","0","0","0","0","0.0","0.0","1.00","1.00"
"Hero_1_Black_Pierce","Hero_1_Black_Pierce","Hero_1","Black Pierce Arthur Weapon","Black branch: heavier damage falloff control and more pierce targets.","/Game/Weapons/Sprites/Black/Hero_1_Black_Pierce.Hero_1_Black_Pierce","Black","Pierce","1.20","1.03","1.05","1.03","3","2","0","0","0","0.0","0.00","1.00","0.85"
"Hero_1_Black_Bounce","Hero_1_Black_Bounce","Hero_1","Black Bounce Arthur Weapon","Black branch: stronger chaining and more bounce targets.","/Game/Weapons/Sprites/Black/Hero_1_Black_Bounce.Hero_1_Black_Bounce","Black","Bounce","1.20","1.03","1.05","1.03","3","0","2","0","0","0.0","0.00","1.00","0.85"
"Hero_1_Black_AOE","Hero_1_Black_AOE","Hero_1","Black AOE Arthur Weapon","Black branch: wider auto-attack splash and area pressure.","/Game/Weapons/Sprites/Black/Hero_1_Black_AOE.Hero_1_Black_AOE","Black","AOE","1.20","1.03","1.05","1.03","3","0","0","1","0","120.0","0.00","1.00","1.00"
"Hero_1_Black_DOT","Hero_1_Black_DOT","Hero_1","Black DOT Arthur Weapon","Black branch: longer damaging ticks attached to the auto-attack payload.","/Game/Weapons/Sprites/Black/Hero_1_Black_DOT.Hero_1_Black_DOT","Black","DOT","1.20","1.03","1.05","1.03","3","0","0","0","1","0.0","1.00","1.15","1.00"
"Hero_1_Red_Pierce","Hero_1_Red_Pierce","Hero_1","Red Pierce Arthur Weapon","Red branch: heavier damage falloff control and more pierce targets.","/Game/Weapons/Sprites/Red/Hero_1_Red_Pierce.Hero_1_Red_Pierce","Red","Pierce","1.35","1.06","1.10","1.06","6","3","0","0","0","0.0","0.00","1.00","0.80"
"Hero_1_Red_Bounce","Hero_1_Red_Bounce","Hero_1","Red Bounce Arthur Weapon","Red branch: stronger chaining and more bounce targets.","/Game/Weapons/Sprites/Red/Hero_1_Red_Bounce.Hero_1_Red_Bounce","Red","Bounce","1.35","1.06","1.10","1.06","6","0","3","0","0","0.0","0.00","1.00","0.80"
"Hero_1_Red_AOE","Hero_1_Red_AOE","Hero_1","Red AOE Arthur Weapon","Red branch: wider auto-attack splash and area pressure.","/Game/Weapons/Sprites/Red/Hero_1_Red_AOE.Hero_1_Red_AOE","Red","AOE","1.35","1.06","1.10","1.06","6","0","0","1","0","180.0","0.00","1.00","1.00"
"Hero_1_Red_DOT","Hero_1_Red_DOT","Hero_1","Red DOT Arthur Weapon","Red branch: longer damaging ticks attached to the auto-attack payload.","/Game/Weapons/Sprites/Red/Hero_1_Red_DOT.Hero_1_Red_DOT","Red","DOT","1.35","1.06","1.10","1.06","6","0","0","0","1","0.0","1.50","1.30","1.00"
"Hero_1_Yellow_Pierce","Hero_1_Yellow_Pierce","Hero_1","Yellow Pierce Arthur Weapon","Yellow branch: heavier damage falloff control and more pierce targets.","/Game/Weapons/Sprites/Yellow/Hero_1_Yellow_Pierce.Hero_1_Yellow_Pierce","Yellow","Pierce","1.55","1.10","1.15","1.10","10","4","0","0","0","0.0","0.00","1.00","0.75"
"Hero_1_Yellow_Bounce","Hero_1_Yellow_Bounce","Hero_1","Yellow Bounce Arthur Weapon","Yellow branch: stronger chaining and more bounce targets.","/Game/Weapons/Sprites/Yellow/Hero_1_Yellow_Bounce.Hero_1_Yellow_Bounce","Yellow","Bounce","1.55","1.10","1.15","1.10","10","0","4","0","0","0.0","0.00","1.00","0.75"
"Hero_1_Yellow_AOE","Hero_1_Yellow_AOE","Hero_1","Yellow AOE Arthur Weapon","Yellow branch: wider auto-attack splash and area pressure.","/Game/Weapons/Sprites/Yellow/Hero_1_Yellow_AOE.Hero_1_Yellow_AOE","Yellow","AOE","1.55","1.10","1.15","1.10","10","0","0","1","0","260.0","0.00","1.00","1.00"
"Hero_1_Yellow_DOT","Hero_1_Yellow_DOT","Hero_1","Yellow DOT Arthur Weapon","Yellow branch: longer damaging ticks attached to the auto-attack payload.","/Game/Weapons/Sprites/Yellow/Hero_1_Yellow_DOT.Hero_1_Yellow_DOT","Yellow","DOT","1.55","1.10","1.15","1.10","10","0","0","0","1","0.0","2.25","1.50","1.00"
"Hero_1_White_Pierce","Hero_1_White_Pierce","Hero_1","White Pierce Arthur Weapon","White branch: heavier damage falloff control and more pierce targets.","/Game/Weapons/Sprites/White/Hero_1_White_Pierce.Hero_1_White_Pierce","White","Pierce","1.80","1.15","1.25","1.15","16","6","0","0","0","0.0","0.00","1.00","0.70"
"Hero_1_White_Bounce","Hero_1_White_Bounce","Hero_1","White Bounce Arthur Weapon","White branch: stronger chaining and more bounce targets.","/Game/Weapons/Sprites/White/Hero_1_White_Bounce.Hero_1_White_Bounce","White","Bounce","1.80","1.15","1.25","1.15","16","0","6","0","0","0.0","0.00","1.00","0.70"
"Hero_1_White_AOE","Hero_1_White_AOE","Hero_1","White AOE Arthur Weapon","White branch: wider auto-attack splash and area pressure.","/Game/Weapons/Sprites/White/Hero_1_White_AOE.Hero_1_White_AOE","White","AOE","1.80","1.15","1.25","1.15","16","0","0","1","0","360.0","0.00","1.00","1.00"
"Hero_1_White_DOT","Hero_1_White_DOT","Hero_1","White DOT Arthur Weapon","White branch: longer damaging ticks attached to the auto-attack payload.","/Game/Weapons/Sprites/White/Hero_1_White_DOT.Hero_1_White_DOT","White","DOT","1.80","1.15","1.25","1.15","16","0","0","0","1","0.0","3.00","1.75","1.00"
"Hero_2_Grey_Base","Hero_2_Grey_Base","Hero_2","Merlin's Starter Weapon","Core DOT auto-attack loadout. Grey starter tier.","/Game/Weapons/Sprites/Grey/Hero_2_Grey_Base.Hero_2_Grey_Base","Grey","DOT","1.10","1.00","1.00","1.00","2","0","0","0","0","0.0","0.0","1.00","1.00"
"Hero_2_Black_Pierce","Hero_2_Black_Pierce","Hero_2","Black Pierce Merlin Weapon","Black branch: heavier damage falloff control and more pierce targets.","/Game/Weapons/Sprites/Black/Hero_2_Black_Pierce.Hero_2_Black_Pierce","Black","Pierce","1.20","1.03","1.05","1.03","3","2","0","0","0","0.0","0.00","1.00","0.85"
"Hero_2_Black_Bounce","Hero_2_Black_Bounce","Hero_2","Black Bounce Merlin Weapon","Black branch: stronger chaining and more bounce targets.","/Game/Weapons/Sprites/Black/Hero_2_Black_Bounce.Hero_2_Black_Bounce","Black","Bounce","1.20","1.03","1.05","1.03","3","0","2","0","0","0.0","0.00","1.00","0.85"
"Hero_2_Black_AOE","Hero_2_Black_AOE","Hero_2","Black AOE Merlin Weapon","Black branch: wider auto-attack splash and area pressure.","/Game/Weapons/Sprites/Black/Hero_2_Black_AOE.Hero_2_Black_AOE","Black","AOE","1.20","1.03","1.05","1.03","3","0","0","1","0","120.0","0.00","1.00","1.00"
"Hero_2_Black_DOT","Hero_2_Black_DOT","Hero_2","Black DOT Merlin Weapon","Black branch: longer damaging ticks attached to the auto-attack payload.","/Game/Weapons/Sprites/Black/Hero_2_Black_DOT.Hero_2_Black_DOT","Black","DOT","1.20","1.03","1.05","1.03","3","0","0","0","1","0.0","1.00","1.15","1.00"
"Hero_2_Red_Pierce","Hero_2_Red_Pierce","Hero_2","Red Pierce Merlin Weapon","Red branch: heavier damage falloff control and more pierce targets.","/Game/Weapons/Sprites/Red/Hero_2_Red_Pierce.Hero_2_Red_Pierce","Red","Pierce","1.35","1.06","1.10","1.06","6","3","0","0","0","0.0","0.00","1.00","0.80"
"Hero_2_Red_Bounce","Hero_2_Red_Bounce","Hero_2","Red Bounce Merlin Weapon","Red branch: stronger chaining and more bounce targets.","/Game/Weapons/Sprites/Red/Hero_2_Red_Bounce.Hero_2_Red_Bounce","Red","Bounce","1.35","1.06","1.10","1.06","6","0","3","0","0","0.0","0.00","1.00","0.80"
"Hero_2_Red_AOE","Hero_2_Red_AOE","Hero_2","Red AOE Merlin Weapon","Red branch: wider auto-attack splash and area pressure.","/Game/Weapons/Sprites/Red/Hero_2_Red_AOE.Hero_2_Red_AOE","Red","AOE","1.35","1.06","1.10","1.06","6","0","0","1","0","180.0","0.00","1.00","1.00"
"Hero_2_Red_DOT","Hero_2_Red_DOT","Hero_2","Red DOT Merlin Weapon","Red branch: longer damaging ticks attached to the auto-attack payload.","/Game/Weapons/Sprites/Red/Hero_2_Red_DOT.Hero_2_Red_DOT","Red","DOT","1.35","1.06","1.10","1.06","6","0","0","0","1","0.0","1.50","1.30","1.00"
"Hero_2_Yellow_Pierce","Hero_2_Yellow_Pierce","Hero_2","Yellow Pierce Merlin Weapon","Yellow branch: heavier damage falloff control and more pierce targets.","/Game/Weapons/Sprites/Yellow/Hero_2_Yellow_Pierce.Hero_2_Yellow_Pierce","Yellow","Pierce","1.55","1.10","1.15","1.10","10","4","0","0","0","0.0","0.00","1.00","0.75"
"Hero_2_Yellow_Bounce","Hero_2_Yellow_Bounce","Hero_2","Yellow Bounce Merlin Weapon","Yellow branch: stronger chaining and more bounce targets.","/Game/Weapons/Sprites/Yellow/Hero_2_Yellow_Bounce.Hero_2_Yellow_Bounce","Yellow","Bounce","1.55","1.10","1.15","1.10","10","0","4","0","0","0.0","0.00","1.00","0.75"
"Hero_2_Yellow_AOE","Hero_2_Yellow_AOE","Hero_2","Yellow AOE Merlin Weapon","Yellow branch: wider auto-attack splash and area pressure.","/Game/Weapons/Sprites/Yellow/Hero_2_Yellow_AOE.Hero_2_Yellow_AOE","Yellow","AOE","1.55","1.10","1.15","1.10","10","0","0","1","0","260.0","0.00","1.00","1.00"
"Hero_2_Yellow_DOT","Hero_2_Yellow_DOT","Hero_2","Yellow DOT Merlin Weapon","Yellow branch: longer damaging ticks attached to the auto-attack payload.","/Game/Weapons/Sprites/Yellow/Hero_2_Yellow_DOT.Hero_2_Yellow_DOT","Yellow","DOT","1.55","1.10","1.15","1.10","10","0","0","0","1","0.0","2.25","1.50","1.00"
"Hero_2_White_Pierce","Hero_2_White_Pierce","Hero_2","White Pierce Merlin Weapon","White branch: heavier damage falloff control and more pierce targets.","/Game/Weapons/Sprites/White/Hero_2_White_Pierce.Hero_2_White_Pierce","White","Pierce","1.80","1.15","1.25","1.15","16","6","0","0","0","0.0","0.00","1.00","0.70"
"Hero_2_White_Bounce","Hero_2_White_Bounce","Hero_2","White Bounce Merlin Weapon","White branch: stronger chaining and more bounce targets.","/Game/Weapons/Sprites/White/Hero_2_White_Bounce.Hero_2_White_Bounce","White","Bounce","1.80","1.15","1.25","1.15","16","0","6","0","0","0.0","0.00","1.00","0.70"
"Hero_2_White_AOE","Hero_2_White_AOE","Hero_2","White AOE Merlin Weapon","White branch: wider auto-attack splash and area pressure.","/Game/Weapons/Sprites/White/Hero_2_White_AOE.Hero_2_White_AOE","White","AOE","1.80","1.15","1.25","1.15","16","0","0","1","0","360.0","0.00","1.00","1.00"
"Hero_2_White_DOT","Hero_2_White_DOT","Hero_2","White DOT Merlin Weapon","White branch: longer damaging ticks attached to the auto-attack payload.","/Game/Weapons/Sprites/White/Hero_2_White_DOT.Hero_2_White_DOT","White","DOT","1.80","1.15","1.25","1.15","16","0","0","0","1","0.0","3.00","1.75","1.00"
"Hero_3_Grey_Base","Hero_3_Grey_Base","Hero_3","Lu Bu's Starter Weapon","Core AOE auto-attack loadout. Grey starter tier.","/Game/Weapons/Sprites/Grey/Hero_3_Grey_Base.Hero_3_Grey_Base","Grey","AOE","1.10","1.00","1.00","1.00","2","0","0","0","0","0.0","0.0","1.00","1.00"
"Hero_3_Black_Pierce","Hero_3_Black_Pierce","Hero_3","Black Pierce Lu Bu Weapon","Black branch: heavier damage falloff control and more pierce targets.","/Game/Weapons/Sprites/Black/Hero_3_Black_Pierce.Hero_3_Black_Pierce","Black","Pierce","1.20","1.03","1.05","1.03","3","2","0","0","0","0.0","0.00","1.00","0.85"
"Hero_3_Black_Bounce","Hero_3_Black_Bounce","Hero_3","Black Bounce Lu Bu Weapon","Black branch: stronger chaining and more bounce targets.","/Game/Weapons/Sprites/Black/Hero_3_Black_Bounce.Hero_3_Black_Bounce","Black","Bounce","1.20","1.03","1.05","1.03","3","0","2","0","0","0.0","0.00","1.00","0.85"
"Hero_3_Black_AOE","Hero_3_Black_AOE","Hero_3","Black AOE Lu Bu Weapon","Black branch: wider auto-attack splash and area pressure.","/Game/Weapons/Sprites/Black/Hero_3_Black_AOE.Hero_3_Black_AOE","Black","AOE","1.20","1.03","1.05","1.03","3","0","0","1","0","120.0","0.00","1.00","1.00"
"Hero_3_Black_DOT","Hero_3_Black_DOT","Hero_3","Black DOT Lu Bu Weapon","Black branch: longer damaging ticks attached to the auto-attack payload.","/Game/Weapons/Sprites/Black/Hero_3_Black_DOT.Hero_3_Black_DOT","Black","DOT","1.20","1.03","1.05","1.03","3","0","0","0","1","0.0","1.00","1.15","1.00"
"Hero_3_Red_Pierce","Hero_3_Red_Pierce","Hero_3","Red Pierce Lu Bu Weapon","Red branch: heavier damage falloff control and more pierce targets.","/Game/Weapons/Sprites/Red/Hero_3_Red_Pierce.Hero_3_Red_Pierce","Red","Pierce","1.35","1.06","1.10","1.06","6","3","0","0","0","0.0","0.00","1.00","0.80"
"Hero_3_Red_Bounce","Hero_3_Red_Bounce","Hero_3","Red Bounce Lu Bu Weapon","Red branch: stronger chaining and more bounce targets.","/Game/Weapons/Sprites/Red/Hero_3_Red_Bounce.Hero_3_Red_Bounce","Red","Bounce","1.35","1.06","1.10","1.06","6","0","3","0","0","0.0","0.00","1.00","0.80"
"Hero_3_Red_AOE","Hero_3_Red_AOE","Hero_3","Red AOE Lu Bu Weapon","Red branch: wider auto-attack splash and area pressure.","/Game/Weapons/Sprites/Red/Hero_3_Red_AOE.Hero_3_Red_AOE","Red","AOE","1.35","1.06","1.10","1.06","6","0","0","1","0","180.0","0.00","1.00","1.00"
"Hero_3_Red_DOT","Hero_3_Red_DOT","Hero_3","Red DOT Lu Bu Weapon","Red branch: longer damaging ticks attached to the auto-attack payload.","/Game/Weapons/Sprites/Red/Hero_3_Red_DOT.Hero_3_Red_DOT","Red","DOT","1.35","1.06","1.10","1.06","6","0","0","0","1","0.0","1.50","1.30","1.00"
"Hero_3_Yellow_Pierce","Hero_3_Yellow_Pierce","Hero_3","Yellow Pierce Lu Bu Weapon","Yellow branch: heavier damage falloff control and more pierce targets.","/Game/Weapons/Sprites/Yellow/Hero_3_Yellow_Pierce.Hero_3_Yellow_Pierce","Yellow","Pierce","1.55","1.10","1.15","1.10","10","4","0","0","0","0.0","0.00","1.00","0.75"
"Hero_3_Yellow_Bounce","Hero_3_Yellow_Bounce","Hero_3","Yellow Bounce Lu Bu Weapon","Yellow branch: stronger chaining and more bounce targets.","/Game/Weapons/Sprites/Yellow/Hero_3_Yellow_Bounce.Hero_3_Yellow_Bounce","Yellow","Bounce","1.55","1.10","1.15","1.10","10","0","4","0","0","0.0","0.00","1.00","0.75"
"Hero_3_Yellow_AOE","Hero_3_Yellow_AOE","Hero_3","Yellow AOE Lu Bu Weapon","Yellow branch: wider auto-attack splash and area pressure.","/Game/Weapons/Sprites/Yellow/Hero_3_Yellow_AOE.Hero_3_Yellow_AOE","Yellow","AOE","1.55","1.10","1.15","1.10","10","0","0","1","0","260.0","0.00","1.00","1.00"
"Hero_3_Yellow_DOT","Hero_3_Yellow_DOT","Hero_3","Yellow DOT Lu Bu Weapon","Yellow branch: longer damaging ticks attached to the auto-attack payload.","/Game/Weapons/Sprites/Yellow/Hero_3_Yellow_DOT.Hero_3_Yellow_DOT","Yellow","DOT","1.55","1.10","1.15","1.10","10","0","0","0","1","0.0","2.25","1.50","1.00"
"Hero_3_White_Pierce","Hero_3_White_Pierce","Hero_3","White Pierce Lu Bu Weapon","White branch: heavier damage falloff control and more pierce targets.","/Game/Weapons/Sprites/White/Hero_3_White_Pierce.Hero_3_White_Pierce","White","Pierce","1.80","1.15","1.25","1.15","16","6","0","0","0","0.0","0.00","1.00","0.70"
"Hero_3_White_Bounce","Hero_3_White_Bounce","Hero_3","White Bounce Lu Bu Weapon","White branch: stronger chaining and more bounce targets.","/Game/Weapons/Sprites/White/Hero_3_White_Bounce.Hero_3_White_Bounce","White","Bounce","1.80","1.15","1.25","1.15","16","0","6","0","0","0.0","0.00","1.00","0.70"
"Hero_3_White_AOE","Hero_3_White_AOE","Hero_3","White AOE Lu Bu Weapon","White branch: wider auto-attack splash and area pressure.","/Game/Weapons/Sprites/White/Hero_3_White_AOE.Hero_3_White_AOE","White","AOE","1.80","1.15","1.25","1.15","16","0","0","1","0","360.0","0.00","1.00","1.00"
"Hero_3_White_DOT","Hero_3_White_DOT","Hero_3","White DOT Lu Bu Weapon","White branch: longer damaging ticks attached to the auto-attack payload.","/Game/Weapons/Sprites/White/Hero_3_White_DOT.Hero_3_White_DOT","White","DOT","1.80","1.15","1.25","1.15","16","0","0","0","1","0.0","3.00","1.75","1.00"
"Hero_4_Grey_Base","Hero_4_Grey_Base","Hero_4","Mike's Starter Weapon","Core AOE auto-attack loadout. Grey starter tier.","/Game/Weapons/Sprites/Grey/Hero_4_Grey_Base.Hero_4_Grey_Base","Grey","AOE","1.10","1.00","1.00","1.00","3","0","0","0","0","0.0","0.0","1.00","1.00"
"Hero_4_Black_Pierce","Hero_4_Black_Pierce","Hero_4","Black Pierce Mike Weapon","Black branch: heavier damage falloff control and more pierce targets.","/Game/Weapons/Sprites/Black/Hero_4_Black_Pierce.Hero_4_Black_Pierce","Black","Pierce","1.20","1.03","1.05","1.03","3","2","0","0","0","0.0","0.00","1.00","0.85"
"Hero_4_Black_Bounce","Hero_4_Black_Bounce","Hero_4","Black Bounce Mike Weapon","Black branch: stronger chaining and more bounce targets.","/Game/Weapons/Sprites/Black/Hero_4_Black_Bounce.Hero_4_Black_Bounce","Black","Bounce","1.20","1.03","1.05","1.03","3","0","2","0","0","0.0","0.00","1.00","0.85"
"Hero_4_Black_AOE","Hero_4_Black_AOE","Hero_4","Black AOE Mike Weapon","Black branch: wider auto-attack splash and area pressure.","/Game/Weapons/Sprites/Black/Hero_4_Black_AOE.Hero_4_Black_AOE","Black","AOE","1.20","1.03","1.05","1.03","3","0","0","1","0","120.0","0.00","1.00","1.00"
"Hero_4_Black_DOT","Hero_4_Black_DOT","Hero_4","Black DOT Mike Weapon","Black branch: longer damaging ticks attached to the auto-attack payload.","/Game/Weapons/Sprites/Black/Hero_4_Black_DOT.Hero_4_Black_DOT","Black","DOT","1.20","1.03","1.05","1.03","3","0","0","0","1","0.0","1.00","1.15","1.00"
"Hero_4_Red_Pierce","Hero_4_Red_Pierce","Hero_4","Red Pierce Mike Weapon","Red branch: heavier damage falloff control and more pierce targets.","/Game/Weapons/Sprites/Red/Hero_4_Red_Pierce.Hero_4_Red_Pierce","Red","Pierce","1.35","1.06","1.10","1.06","6","3","0","0","0","0.0","0.00","1.00","0.80"
"Hero_4_Red_Bounce","Hero_4_Red_Bounce","Hero_4","Red Bounce Mike Weapon","Red branch: stronger chaining and more bounce targets.","/Game/Weapons/Sprites/Red/Hero_4_Red_Bounce.Hero_4_Red_Bounce","Red","Bounce","1.35","1.06","1.10","1.06","6","0","3","0","0","0.0","0.00","1.00","0.80"
"Hero_4_Red_AOE","Hero_4_Red_AOE","Hero_4","Red AOE Mike Weapon","Red branch: wider auto-attack splash and area pressure.","/Game/Weapons/Sprites/Red/Hero_4_Red_AOE.Hero_4_Red_AOE","Red","AOE","1.35","1.06","1.10","1.06","6","0","0","1","0","180.0","0.00","1.00","1.00"
"Hero_4_Red_DOT","Hero_4_Red_DOT","Hero_4","Red DOT Mike Weapon","Red branch: longer damaging ticks attached to the auto-attack payload.","/Game/Weapons/Sprites/Red/Hero_4_Red_DOT.Hero_4_Red_DOT","Red","DOT","1.35","1.06","1.10","1.06","6","0","0","0","1","0.0","1.50","1.30","1.00"
"Hero_4_Yellow_Pierce","Hero_4_Yellow_Pierce","Hero_4","Yellow Pierce Mike Weapon","Yellow branch: heavier damage falloff control and more pierce targets.","/Game/Weapons/Sprites/Yellow/Hero_4_Yellow_Pierce.Hero_4_Yellow_Pierce","Yellow","Pierce","1.55","1.10","1.15","1.10","10","4","0","0","0","0.0","0.00","1.00","0.75"
"Hero_4_Yellow_Bounce","Hero_4_Yellow_Bounce","Hero_4","Yellow Bounce Mike Weapon","Yellow branch: stronger chaining and more bounce targets.","/Game/Weapons/Sprites/Yellow/Hero_4_Yellow_Bounce.Hero_4_Yellow_Bounce","Yellow","Bounce","1.55","1.10","1.15","1.10","10","0","4","0","0","0.0","0.00","1.00","0.75"
"Hero_4_Yellow_AOE","Hero_4_Yellow_AOE","Hero_4","Yellow AOE Mike Weapon","Yellow branch: wider auto-attack splash and area pressure.","/Game/Weapons/Sprites/Yellow/Hero_4_Yellow_AOE.Hero_4_Yellow_AOE","Yellow","AOE","1.55","1.10","1.15","1.10","10","0","0","1","0","260.0","0.00","1.00","1.00"
"Hero_4_Yellow_DOT","Hero_4_Yellow_DOT","Hero_4","Yellow DOT Mike Weapon","Yellow branch: longer damaging ticks attached to the auto-attack payload.","/Game/Weapons/Sprites/Yellow/Hero_4_Yellow_DOT.Hero_4_Yellow_DOT","Yellow","DOT","1.55","1.10","1.15","1.10","10","0","0","0","1","0.0","2.25","1.50","1.00"
"Hero_4_White_Pierce","Hero_4_White_Pierce","Hero_4","White Pierce Mike Weapon","White branch: heavier damage falloff control and more pierce targets.","/Game/Weapons/Sprites/White/Hero_4_White_Pierce.Hero_4_White_Pierce","White","Pierce","1.80","1.15","1.25","1.15","16","6","0","0","0","0.0","0.00","1.00","0.70"
"Hero_4_White_Bounce","Hero_4_White_Bounce","Hero_4","White Bounce Mike Weapon","White branch: stronger chaining and more bounce targets.","/Game/Weapons/Sprites/White/Hero_4_White_Bounce.Hero_4_White_Bounce","White","Bounce","1.80","1.15","1.25","1.15","16","0","6","0","0","0.0","0.00","1.00","0.70"
"Hero_4_White_AOE","Hero_4_White_AOE","Hero_4","White AOE Mike Weapon","White branch: wider auto-attack splash and area pressure.","/Game/Weapons/Sprites/White/Hero_4_White_AOE.Hero_4_White_AOE","White","AOE","1.80","1.15","1.25","1.15","16","0","0","1","0","360.0","0.00","1.00","1.00"
"Hero_4_White_DOT","Hero_4_White_DOT","Hero_4","White DOT Mike Weapon","White branch: longer damaging ticks attached to the auto-attack payload.","/Game/Weapons/Sprites/White/Hero_4_White_DOT.Hero_4_White_DOT","White","DOT","1.80","1.15","1.25","1.15","16","0","0","0","1","0.0","3.00","1.75","1.00"
"Hero_5_Grey_Base","Hero_5_Grey_Base","Hero_5","George's Starter Weapon","Core Pierce auto-attack loadout. Grey starter tier.","/Game/Weapons/Sprites/Grey/Hero_5_Grey_Base.Hero_5_Grey_Base","Grey","Pierce","1.10","1.00","1.00","1.00","2","0","0","0","0","0.0","0.0","1.00","1.00"
"Hero_5_Black_Pierce","Hero_5_Black_Pierce","Hero_5","Black Pierce George Weapon","Black branch: heavier damage falloff control and more pierce targets.","/Game/Weapons/Sprites/Black/Hero_5_Black_Pierce.Hero_5_Black_Pierce","Black","Pierce","1.20","1.03","1.05","1.03","3","2","0","0","0","0.0","0.00","1.00","0.85"
"Hero_5_Black_Bounce","Hero_5_Black_Bounce","Hero_5","Black Bounce George Weapon","Black branch: stronger chaining and more bounce targets.","/Game/Weapons/Sprites/Black/Hero_5_Black_Bounce.Hero_5_Black_Bounce","Black","Bounce","1.20","1.03","1.05","1.03","3","0","2","0","0","0.0","0.00","1.00","0.85"
"Hero_5_Black_AOE","Hero_5_Black_AOE","Hero_5","Black AOE George Weapon","Black branch: wider auto-attack splash and area pressure.","/Game/Weapons/Sprites/Black/Hero_5_Black_AOE.Hero_5_Black_AOE","Black","AOE","1.20","1.03","1.05","1.03","3","0","0","1","0","120.0","0.00","1.00","1.00"
"Hero_5_Black_DOT","Hero_5_Black_DOT","Hero_5","Black DOT George Weapon","Black branch: longer damaging ticks attached to the auto-attack payload.","/Game/Weapons/Sprites/Black/Hero_5_Black_DOT.Hero_5_Black_DOT","Black","DOT","1.20","1.03","1.05","1.03","3","0","0","0","1","0.0","1.00","1.15","1.00"
"Hero_5_Red_Pierce","Hero_5_Red_Pierce","Hero_5","Red Pierce George Weapon","Red branch: heavier damage falloff control and more pierce targets.","/Game/Weapons/Sprites/Red/Hero_5_Red_Pierce.Hero_5_Red_Pierce","Red","Pierce","1.35","1.06","1.10","1.06","6","3","0","0","0","0.0","0.00","1.00","0.80"
"Hero_5_Red_Bounce","Hero_5_Red_Bounce","Hero_5","Red Bounce George Weapon","Red branch: stronger chaining and more bounce targets.","/Game/Weapons/Sprites/Red/Hero_5_Red_Bounce.Hero_5_Red_Bounce","Red","Bounce","1.35","1.06","1.10","1.06","6","0","3","0","0","0.0","0.00","1.00","0.80"
"Hero_5_Red_AOE","Hero_5_Red_AOE","Hero_5","Red AOE George Weapon","Red branch: wider auto-attack splash and area pressure.","/Game/Weapons/Sprites/Red/Hero_5_Red_AOE.Hero_5_Red_AOE","Red","AOE","1.35","1.06","1.10","1.06","6","0","0","1","0","180.0","0.00","1.00","1.00"
"Hero_5_Red_DOT","Hero_5_Red_DOT","Hero_5","Red DOT George Weapon","Red branch: longer damaging ticks attached to the auto-attack payload.","/Game/Weapons/Sprites/Red/Hero_5_Red_DOT.Hero_5_Red_DOT","Red","DOT","1.35","1.06","1.10","1.06","6","0","0","0","1","0.0","1.50","1.30","1.00"
"Hero_5_Yellow_Pierce","Hero_5_Yellow_Pierce","Hero_5","Yellow Pierce George Weapon","Yellow branch: heavier damage falloff control and more pierce targets.","/Game/Weapons/Sprites/Yellow/Hero_5_Yellow_Pierce.Hero_5_Yellow_Pierce","Yellow","Pierce","1.55","1.10","1.15","1.10","10","4","0","0","0","0.0","0.00","1.00","0.75"
"Hero_5_Yellow_Bounce","Hero_5_Yellow_Bounce","Hero_5","Yellow Bounce George Weapon","Yellow branch: stronger chaining and more bounce targets.","/Game/Weapons/Sprites/Yellow/Hero_5_Yellow_Bounce.Hero_5_Yellow_Bounce","Yellow","Bounce","1.55","1.10","1.15","1.10","10","0","4","0","0","0.0","0.00","1.00","0.75"
"Hero_5_Yellow_AOE","Hero_5_Yellow_AOE","Hero_5","Yellow AOE George Weapon","Yellow branch: wider auto-attack splash and area pressure.","/Game/Weapons/Sprites/Yellow/Hero_5_Yellow_AOE.Hero_5_Yellow_AOE","Yellow","AOE","1.55","1.10","1.15","1.10","10","0","0","1","0","260.0","0.00","1.00","1.00"
"Hero_5_Yellow_DOT","Hero_5_Yellow_DOT","Hero_5","Yellow DOT George Weapon","Yellow branch: longer damaging ticks attached to the auto-attack payload.","/Game/Weapons/Sprites/Yellow/Hero_5_Yellow_DOT.Hero_5_Yellow_DOT","Yellow","DOT","1.55","1.10","1.15","1.10","10","0","0","0","1","0.0","2.25","1.50","1.00"
"Hero_5_White_Pierce","Hero_5_White_Pierce","Hero_5","White Pierce George Weapon","White branch: heavier damage falloff control and more pierce targets.","/Game/Weapons/Sprites/White/Hero_5_White_Pierce.Hero_5_White_Pierce","White","Pierce","1.80","1.15","1.25","1.15","16","6","0","0","0","0.0","0.00","1.00","0.70"
"Hero_5_White_Bounce","Hero_5_White_Bounce","Hero_5","White Bounce George Weapon","White branch: stronger chaining and more bounce targets.","/Game/Weapons/Sprites/White/Hero_5_White_Bounce.Hero_5_White_Bounce","White","Bounce","1.80","1.15","1.25","1.15","16","0","6","0","0","0.0","0.00","1.00","0.70"
"Hero_5_White_AOE","Hero_5_White_AOE","Hero_5","White AOE George Weapon","White branch: wider auto-attack splash and area pressure.","/Game/Weapons/Sprites/White/Hero_5_White_AOE.Hero_5_White_AOE","White","AOE","1.80","1.15","1.25","1.15","16","0","0","1","0","360.0","0.00","1.00","1.00"
"Hero_5_White_DOT","Hero_5_White_DOT","Hero_5","White DOT George Weapon","White branch: longer damaging ticks attached to the auto-attack payload.","/Game/Weapons/Sprites/White/Hero_5_White_DOT.Hero_5_White_DOT","White","DOT","1.80","1.15","1.25","1.15","16","0","0","0","1","0.0","3.00","1.75","1.00"
"Hero_6_Grey_Base","Hero_6_Grey_Base","Hero_6","Zeus's Starter Weapon","Core Bounce auto-attack loadout. Grey starter tier.","/Game/Weapons/Sprites/Grey/Hero_6_Grey_Base.Hero_6_Grey_Base","Grey","Bounce","1.10","1.00","1.00","1.00","2","0","0","0","0","0.0","0.0","1.00","1.00"
"Hero_6_Black_Pierce","Hero_6_Black_Pierce","Hero_6","Black Pierce Zeus Weapon","Black branch: heavier damage falloff control and more pierce targets.","/Game/Weapons/Sprites/Black/Hero_6_Black_Pierce.Hero_6_Black_Pierce","Black","Pierce","1.20","1.03","1.05","1.03","3","2","0","0","0","0.0","0.00","1.00","0.85"
"Hero_6_Black_Bounce","Hero_6_Black_Bounce","Hero_6","Black Bounce Zeus Weapon","Black branch: stronger chaining and more bounce targets.","/Game/Weapons/Sprites/Black/Hero_6_Black_Bounce.Hero_6_Black_Bounce","Black","Bounce","1.20","1.03","1.05","1.03","3","0","2","0","0","0.0","0.00","1.00","0.85"
"Hero_6_Black_AOE","Hero_6_Black_AOE","Hero_6","Black AOE Zeus Weapon","Black branch: wider auto-attack splash and area pressure.","/Game/Weapons/Sprites/Black/Hero_6_Black_AOE.Hero_6_Black_AOE","Black","AOE","1.20","1.03","1.05","1.03","3","0","0","1","0","120.0","0.00","1.00","1.00"
"Hero_6_Black_DOT","Hero_6_Black_DOT","Hero_6","Black DOT Zeus Weapon","Black branch: longer damaging ticks attached to the auto-attack payload.","/Game/Weapons/Sprites/Black/Hero_6_Black_DOT.Hero_6_Black_DOT","Black","DOT","1.20","1.03","1.05","1.03","3","0","0","0","1","0.0","1.00","1.15","1.00"
"Hero_6_Red_Pierce","Hero_6_Red_Pierce","Hero_6","Red Pierce Zeus Weapon","Red branch: heavier damage falloff control and more pierce targets.","/Game/Weapons/Sprites/Red/Hero_6_Red_Pierce.Hero_6_Red_Pierce","Red","Pierce","1.35","1.06","1.10","1.06","6","3","0","0","0","0.0","0.00","1.00","0.80"
"Hero_6_Red_Bounce","Hero_6_Red_Bounce","Hero_6","Red Bounce Zeus Weapon","Red branch: stronger chaining and more bounce targets.","/Game/Weapons/Sprites/Red/Hero_6_Red_Bounce.Hero_6_Red_Bounce","Red","Bounce","1.35","1.06","1.10","1.06","6","0","3","0","0","0.0","0.00","1.00","0.80"
"Hero_6_Red_AOE","Hero_6_Red_AOE","Hero_6","Red AOE Zeus Weapon","Red branch: wider auto-attack splash and area pressure.","/Game/Weapons/Sprites/Red/Hero_6_Red_AOE.Hero_6_Red_AOE","Red","AOE","1.35","1.06","1.10","1.06","6","0","0","1","0","180.0","0.00","1.00","1.00"
"Hero_6_Red_DOT","Hero_6_Red_DOT","Hero_6","Red DOT Zeus Weapon","Red branch: longer damaging ticks attached to the auto-attack payload.","/Game/Weapons/Sprites/Red/Hero_6_Red_DOT.Hero_6_Red_DOT","Red","DOT","1.35","1.06","1.10","1.06","6","0","0","0","1","0.0","1.50","1.30","1.00"
"Hero_6_Yellow_Pierce","Hero_6_Yellow_Pierce","Hero_6","Yellow Pierce Zeus Weapon","Yellow branch: heavier damage falloff control and more pierce targets.","/Game/Weapons/Sprites/Yellow/Hero_6_Yellow_Pierce.Hero_6_Yellow_Pierce","Yellow","Pierce","1.55","1.10","1.15","1.10","10","4","0","0","0","0.0","0.00","1.00","0.75"
"Hero_6_Yellow_Bounce","Hero_6_Yellow_Bounce","Hero_6","Yellow Bounce Zeus Weapon","Yellow branch: stronger chaining and more bounce targets.","/Game/Weapons/Sprites/Yellow/Hero_6_Yellow_Bounce.Hero_6_Yellow_Bounce","Yellow","Bounce","1.55","1.10","1.15","1.10","10","0","4","0","0","0.0","0.00","1.00","0.75"
"Hero_6_Yellow_AOE","Hero_6_Yellow_AOE","Hero_6","Yellow AOE Zeus Weapon","Yellow branch: wider auto-attack splash and area pressure.","/Game/Weapons/Sprites/Yellow/Hero_6_Yellow_AOE.Hero_6_Yellow_AOE","Yellow","AOE","1.55","1.10","1.15","1.10","10","0","0","1","0","260.0","0.00","1.00","1.00"
"Hero_6_Yellow_DOT","Hero_6_Yellow_DOT","Hero_6","Yellow DOT Zeus Weapon","Yellow branch: longer damaging ticks attached to the auto-attack payload.","/Game/Weapons/Sprites/Yellow/Hero_6_Yellow_DOT.Hero_6_Yellow_DOT","Yellow","DOT","1.55","1.10","1.15","1.10","10","0","0","0","1","0.0","2.25","1.50","1.00"
"Hero_6_White_Pierce","Hero_6_White_Pierce","Hero_6","White Pierce Zeus Weapon","White branch: heavier damage falloff control and more pierce targets.","/Game/Weapons/Sprites/White/Hero_6_White_Pierce.Hero_6_White_Pierce","White","Pierce","1.80","1.15","1.25","1.15","16","6","0","0","0","0.0","0.00","1.00","0.70"
"Hero_6_White_Bounce","Hero_6_White_Bounce","Hero_6","White Bounce Zeus Weapon","White branch: stronger chaining and more bounce targets.","/Game/Weapons/Sprites/White/Hero_6_White_Bounce.Hero_6_White_Bounce","White","Bounce","1.80","1.15","1.25","1.15","16","0","6","0","0","0.0","0.00","1.00","0.70"
"Hero_6_White_AOE","Hero_6_White_AOE","Hero_6","White AOE Zeus Weapon","White branch: wider auto-attack splash and area pressure.","/Game/Weapons/Sprites/White/Hero_6_White_AOE.Hero_6_White_AOE","White","AOE","1.80","1.15","1.25","1.15","16","0","0","1","0","360.0","0.00","1.00","1.00"
"Hero_6_White_DOT","Hero_6_White_DOT","Hero_6","White DOT Zeus Weapon","White branch: longer damaging ticks attached to the auto-attack payload.","/Game/Weapons/Sprites/White/Hero_6_White_DOT.Hero_6_White_DOT","White","DOT","1.80","1.15","1.25","1.15","16","0","0","0","1","0.0","3.00","1.75","1.00"
"Hero_7_Grey_Base","Hero_7_Grey_Base","Hero_7","Robo's Starter Weapon","Core Bounce auto-attack loadout. Grey starter tier.","/Game/Weapons/Sprites/Grey/Hero_7_Grey_Base.Hero_7_Grey_Base","Grey","Bounce","1.10","1.00","1.00","1.00","3","0","0","0","0","0.0","0.0","1.00","1.00"
"Hero_7_Black_Pierce","Hero_7_Black_Pierce","Hero_7","Black Pierce Robo Weapon","Black branch: heavier damage falloff control and more pierce targets.","/Game/Weapons/Sprites/Black/Hero_7_Black_Pierce.Hero_7_Black_Pierce","Black","Pierce","1.20","1.03","1.05","1.03","3","2","0","0","0","0.0","0.00","1.00","0.85"
"Hero_7_Black_Bounce","Hero_7_Black_Bounce","Hero_7","Black Bounce Robo Weapon","Black branch: stronger chaining and more bounce targets.","/Game/Weapons/Sprites/Black/Hero_7_Black_Bounce.Hero_7_Black_Bounce","Black","Bounce","1.20","1.03","1.05","1.03","3","0","2","0","0","0.0","0.00","1.00","0.85"
"Hero_7_Black_AOE","Hero_7_Black_AOE","Hero_7","Black AOE Robo Weapon","Black branch: wider auto-attack splash and area pressure.","/Game/Weapons/Sprites/Black/Hero_7_Black_AOE.Hero_7_Black_AOE","Black","AOE","1.20","1.03","1.05","1.03","3","0","0","1","0","120.0","0.00","1.00","1.00"
"Hero_7_Black_DOT","Hero_7_Black_DOT","Hero_7","Black DOT Robo Weapon","Black branch: longer damaging ticks attached to the auto-attack payload.","/Game/Weapons/Sprites/Black/Hero_7_Black_DOT.Hero_7_Black_DOT","Black","DOT","1.20","1.03","1.05","1.03","3","0","0","0","1","0.0","1.00","1.15","1.00"
"Hero_7_Red_Pierce","Hero_7_Red_Pierce","Hero_7","Red Pierce Robo Weapon","Red branch: heavier damage falloff control and more pierce targets.","/Game/Weapons/Sprites/Red/Hero_7_Red_Pierce.Hero_7_Red_Pierce","Red","Pierce","1.35","1.06","1.10","1.06","6","3","0","0","0","0.0","0.00","1.00","0.80"
"Hero_7_Red_Bounce","Hero_7_Red_Bounce","Hero_7","Red Bounce Robo Weapon","Red branch: stronger chaining and more bounce targets.","/Game/Weapons/Sprites/Red/Hero_7_Red_Bounce.Hero_7_Red_Bounce","Red","Bounce","1.35","1.06","1.10","1.06","6","0","3","0","0","0.0","0.00","1.00","0.80"
"Hero_7_Red_AOE","Hero_7_Red_AOE","Hero_7","Red AOE Robo Weapon","Red branch: wider auto-attack splash and area pressure.","/Game/Weapons/Sprites/Red/Hero_7_Red_AOE.Hero_7_Red_AOE","Red","AOE","1.35","1.06","1.10","1.06","6","0","0","1","0","180.0","0.00","1.00","1.00"
"Hero_7_Red_DOT","Hero_7_Red_DOT","Hero_7","Red DOT Robo Weapon","Red branch: longer damaging ticks attached to the auto-attack payload.","/Game/Weapons/Sprites/Red/Hero_7_Red_DOT.Hero_7_Red_DOT","Red","DOT","1.35","1.06","1.10","1.06","6","0","0","0","1","0.0","1.50","1.30","1.00"
"Hero_7_Yellow_Pierce","Hero_7_Yellow_Pierce","Hero_7","Yellow Pierce Robo Weapon","Yellow branch: heavier damage falloff control and more pierce targets.","/Game/Weapons/Sprites/Yellow/Hero_7_Yellow_Pierce.Hero_7_Yellow_Pierce","Yellow","Pierce","1.55","1.10","1.15","1.10","10","4","0","0","0","0.0","0.00","1.00","0.75"
"Hero_7_Yellow_Bounce","Hero_7_Yellow_Bounce","Hero_7","Yellow Bounce Robo Weapon","Yellow branch: stronger chaining and more bounce targets.","/Game/Weapons/Sprites/Yellow/Hero_7_Yellow_Bounce.Hero_7_Yellow_Bounce","Yellow","Bounce","1.55","1.10","1.15","1.10","10","0","4","0","0","0.0","0.00","1.00","0.75"
"Hero_7_Yellow_AOE","Hero_7_Yellow_AOE","Hero_7","Yellow AOE Robo Weapon","Yellow branch: wider auto-attack splash and area pressure.","/Game/Weapons/Sprites/Yellow/Hero_7_Yellow_AOE.Hero_7_Yellow_AOE","Yellow","AOE","1.55","1.10","1.15","1.10","10","0","0","1","0","260.0","0.00","1.00","1.00"
"Hero_7_Yellow_DOT","Hero_7_Yellow_DOT","Hero_7","Yellow DOT Robo Weapon","Yellow branch: longer damaging ticks attached to the auto-attack payload.","/Game/Weapons/Sprites/Yellow/Hero_7_Yellow_DOT.Hero_7_Yellow_DOT","Yellow","DOT","1.55","1.10","1.15","1.10","10","0","0","0","1","0.0","2.25","1.50","1.00"
"Hero_7_White_Pierce","Hero_7_White_Pierce","Hero_7","White Pierce Robo Weapon","White branch: heavier damage falloff control and more pierce targets.","/Game/Weapons/Sprites/White/Hero_7_White_Pierce.Hero_7_White_Pierce","White","Pierce","1.80","1.15","1.25","1.15","16","6","0","0","0","0.0","0.00","1.00","0.70"
"Hero_7_White_Bounce","Hero_7_White_Bounce","Hero_7","White Bounce Robo Weapon","White branch: stronger chaining and more bounce targets.","/Game/Weapons/Sprites/White/Hero_7_White_Bounce.Hero_7_White_Bounce","White","Bounce","1.80","1.15","1.25","1.15","16","0","6","0","0","0.0","0.00","1.00","0.70"
"Hero_7_White_AOE","Hero_7_White_AOE","Hero_7","White AOE Robo Weapon","White branch: wider auto-attack splash and area pressure.","/Game/Weapons/Sprites/White/Hero_7_White_AOE.Hero_7_White_AOE","White","AOE","1.80","1.15","1.25","1.15","16","0","0","1","0","360.0","0.00","1.00","1.00"
"Hero_7_White_DOT","Hero_7_White_DOT","Hero_7","White DOT Robo Weapon","White branch: longer damaging ticks attached to the auto-attack payload.","/Game/Weapons/Sprites/White/Hero_7_White_DOT.Hero_7_White_DOT","White","DOT","1.80","1.15","1.25","1.15","16","0","0","0","1","0.0","3.00","1.75","1.00"
"Hero_8_Grey_Base","Hero_8_Grey_Base","Hero_8","Billy's Starter Weapon","Core Pierce auto-attack loadout. Grey starter tier.","/Game/Weapons/Sprites/Grey/Hero_8_Grey_Base.Hero_8_Grey_Base","Grey","Pierce","1.10","1.00","1.00","1.00","2","0","0","0","0","0.0","0.0","1.00","1.00"
"Hero_8_Black_Pierce","Hero_8_Black_Pierce","Hero_8","Black Pierce Billy Weapon","Black branch: heavier damage falloff control and more pierce targets.","/Game/Weapons/Sprites/Black/Hero_8_Black_Pierce.Hero_8_Black_Pierce","Black","Pierce","1.20","1.03","1.05","1.03","3","2","0","0","0","0.0","0.00","1.00","0.85"
"Hero_8_Black_Bounce","Hero_8_Black_Bounce","Hero_8","Black Bounce Billy Weapon","Black branch: stronger chaining and more bounce targets.","/Game/Weapons/Sprites/Black/Hero_8_Black_Bounce.Hero_8_Black_Bounce","Black","Bounce","1.20","1.03","1.05","1.03","3","0","2","0","0","0.0","0.00","1.00","0.85"
"Hero_8_Black_AOE","Hero_8_Black_AOE","Hero_8","Black AOE Billy Weapon","Black branch: wider auto-attack splash and area pressure.","/Game/Weapons/Sprites/Black/Hero_8_Black_AOE.Hero_8_Black_AOE","Black","AOE","1.20","1.03","1.05","1.03","3","0","0","1","0","120.0","0.00","1.00","1.00"
"Hero_8_Black_DOT","Hero_8_Black_DOT","Hero_8","Black DOT Billy Weapon","Black branch: longer damaging ticks attached to the auto-attack payload.","/Game/Weapons/Sprites/Black/Hero_8_Black_DOT.Hero_8_Black_DOT","Black","DOT","1.20","1.03","1.05","1.03","3","0","0","0","1","0.0","1.00","1.15","1.00"
"Hero_8_Red_Pierce","Hero_8_Red_Pierce","Hero_8","Red Pierce Billy Weapon","Red branch: heavier damage falloff control and more pierce targets.","/Game/Weapons/Sprites/Red/Hero_8_Red_Pierce.Hero_8_Red_Pierce","Red","Pierce","1.35","1.06","1.10","1.06","6","3","0","0","0","0.0","0.00","1.00","0.80"
"Hero_8_Red_Bounce","Hero_8_Red_Bounce","Hero_8","Red Bounce Billy Weapon","Red branch: stronger chaining and more bounce targets.","/Game/Weapons/Sprites/Red/Hero_8_Red_Bounce.Hero_8_Red_Bounce","Red","Bounce","1.35","1.06","1.10","1.06","6","0","3","0","0","0.0","0.00","1.00","0.80"
"Hero_8_Red_AOE","Hero_8_Red_AOE","Hero_8","Red AOE Billy Weapon","Red branch: wider auto-attack splash and area pressure.","/Game/Weapons/Sprites/Red/Hero_8_Red_AOE.Hero_8_Red_AOE","Red","AOE","1.35","1.06","1.10","1.06","6","0","0","1","0","180.0","0.00","1.00","1.00"
"Hero_8_Red_DOT","Hero_8_Red_DOT","Hero_8","Red DOT Billy Weapon","Red branch: longer damaging ticks attached to the auto-attack payload.","/Game/Weapons/Sprites/Red/Hero_8_Red_DOT.Hero_8_Red_DOT","Red","DOT","1.35","1.06","1.10","1.06","6","0","0","0","1","0.0","1.50","1.30","1.00"
"Hero_8_Yellow_Pierce","Hero_8_Yellow_Pierce","Hero_8","Yellow Pierce Billy Weapon","Yellow branch: heavier damage falloff control and more pierce targets.","/Game/Weapons/Sprites/Yellow/Hero_8_Yellow_Pierce.Hero_8_Yellow_Pierce","Yellow","Pierce","1.55","1.10","1.15","1.10","10","4","0","0","0","0.0","0.00","1.00","0.75"
"Hero_8_Yellow_Bounce","Hero_8_Yellow_Bounce","Hero_8","Yellow Bounce Billy Weapon","Yellow branch: stronger chaining and more bounce targets.","/Game/Weapons/Sprites/Yellow/Hero_8_Yellow_Bounce.Hero_8_Yellow_Bounce","Yellow","Bounce","1.55","1.10","1.15","1.10","10","0","4","0","0","0.0","0.00","1.00","0.75"
"Hero_8_Yellow_AOE","Hero_8_Yellow_AOE","Hero_8","Yellow AOE Billy Weapon","Yellow branch: wider auto-attack splash and area pressure.","/Game/Weapons/Sprites/Yellow/Hero_8_Yellow_AOE.Hero_8_Yellow_AOE","Yellow","AOE","1.55","1.10","1.15","1.10","10","0","0","1","0","260.0","0.00","1.00","1.00"
"Hero_8_Yellow_DOT","Hero_8_Yellow_DOT","Hero_8","Yellow DOT Billy Weapon","Yellow branch: longer damaging ticks attached to the auto-attack payload.","/Game/Weapons/Sprites/Yellow/Hero_8_Yellow_DOT.Hero_8_Yellow_DOT","Yellow","DOT","1.55","1.10","1.15","1.10","10","0","0","0","1","0.0","2.25","1.50","1.00"
"Hero_8_White_Pierce","Hero_8_White_Pierce","Hero_8","White Pierce Billy Weapon","White branch: heavier damage falloff control and more pierce targets.","/Game/Weapons/Sprites/White/Hero_8_White_Pierce.Hero_8_White_Pierce","White","Pierce","1.80","1.15","1.25","1.15","16","6","0","0","0","0.0","0.00","1.00","0.70"
"Hero_8_White_Bounce","Hero_8_White_Bounce","Hero_8","White Bounce Billy Weapon","White branch: stronger chaining and more bounce targets.","/Game/Weapons/Sprites/White/Hero_8_White_Bounce.Hero_8_White_Bounce","White","Bounce","1.80","1.15","1.25","1.15","16","0","6","0","0","0.0","0.00","1.00","0.70"
"Hero_8_White_AOE","Hero_8_White_AOE","Hero_8","White AOE Billy Weapon","White branch: wider auto-attack splash and area pressure.","/Game/Weapons/Sprites/White/Hero_8_White_AOE.Hero_8_White_AOE","White","AOE","1.80","1.15","1.25","1.15","16","0","0","1","0","360.0","0.00","1.00","1.00"
"Hero_8_White_DOT","Hero_8_White_DOT","Hero_8","White DOT Billy Weapon","White branch: longer damaging ticks attached to the auto-attack payload.","/Game/Weapons/Sprites/White/Hero_8_White_DOT.Hero_8_White_DOT","White","DOT","1.80","1.15","1.25","1.15","16","0","0","0","1","0.0","3.00","1.75","1.00"
"Hero_9_Grey_Base","Hero_9_Grey_Base","Hero_9","Rabbit's Starter Weapon","Core Bounce auto-attack loadout. Grey starter tier.","/Game/Weapons/Sprites/Grey/Hero_9_Grey_Base.Hero_9_Grey_Base","Grey","Bounce","1.10","1.00","1.00","1.00","2","0","0","0","0","0.0","0.0","1.00","1.00"
"Hero_9_Black_Pierce","Hero_9_Black_Pierce","Hero_9","Black Pierce Rabbit Weapon","Black branch: heavier damage falloff control and more pierce targets.","/Game/Weapons/Sprites/Black/Hero_9_Black_Pierce.Hero_9_Black_Pierce","Black","Pierce","1.20","1.03","1.05","1.03","3","2","0","0","0","0.0","0.00","1.00","0.85"
"Hero_9_Black_Bounce","Hero_9_Black_Bounce","Hero_9","Black Bounce Rabbit Weapon","Black branch: stronger chaining and more bounce targets.","/Game/Weapons/Sprites/Black/Hero_9_Black_Bounce.Hero_9_Black_Bounce","Black","Bounce","1.20","1.03","1.05","1.03","3","0","2","0","0","0.0","0.00","1.00","0.85"
"Hero_9_Black_AOE","Hero_9_Black_AOE","Hero_9","Black AOE Rabbit Weapon","Black branch: wider auto-attack splash and area pressure.","/Game/Weapons/Sprites/Black/Hero_9_Black_AOE.Hero_9_Black_AOE","Black","AOE","1.20","1.03","1.05","1.03","3","0","0","1","0","120.0","0.00","1.00","1.00"
"Hero_9_Black_DOT","Hero_9_Black_DOT","Hero_9","Black DOT Rabbit Weapon","Black branch: longer damaging ticks attached to the auto-attack payload.","/Game/Weapons/Sprites/Black/Hero_9_Black_DOT.Hero_9_Black_DOT","Black","DOT","1.20","1.03","1.05","1.03","3","0","0","0","1","0.0","1.00","1.15","1.00"
"Hero_9_Red_Pierce","Hero_9_Red_Pierce","Hero_9","Red Pierce Rabbit Weapon","Red branch: heavier damage falloff control and more pierce targets.","/Game/Weapons/Sprites/Red/Hero_9_Red_Pierce.Hero_9_Red_Pierce","Red","Pierce","1.35","1.06","1.10","1.06","6","3","0","0","0","0.0","0.00","1.00","0.80"
"Hero_9_Red_Bounce","Hero_9_Red_Bounce","Hero_9","Red Bounce Rabbit Weapon","Red branch: stronger chaining and more bounce targets.","/Game/Weapons/Sprites/Red/Hero_9_Red_Bounce.Hero_9_Red_Bounce","Red","Bounce","1.35","1.06","1.10","1.06","6","0","3","0","0","0.0","0.00","1.00","0.80"
"Hero_9_Red_AOE","Hero_9_Red_AOE","Hero_9","Red AOE Rabbit Weapon","Red branch: wider auto-attack splash and area pressure.","/Game/Weapons/Sprites/Red/Hero_9_Red_AOE.Hero_9_Red_AOE","Red","AOE","1.35","1.06","1.10","1.06","6","0","0","1","0","180.0","0.00","1.00","1.00"
"Hero_9_Red_DOT","Hero_9_Red_DOT","Hero_9","Red DOT Rabbit Weapon","Red branch: longer damaging ticks attached to the auto-attack payload.","/Game/Weapons/Sprites/Red/Hero_9_Red_DOT.Hero_9_Red_DOT","Red","DOT","1.35","1.06","1.10","1.06","6","0","0","0","1","0.0","1.50","1.30","1.00"
"Hero_9_Yellow_Pierce","Hero_9_Yellow_Pierce","Hero_9","Yellow Pierce Rabbit Weapon","Yellow branch: heavier damage falloff control and more pierce targets.","/Game/Weapons/Sprites/Yellow/Hero_9_Yellow_Pierce.Hero_9_Yellow_Pierce","Yellow","Pierce","1.55","1.10","1.15","1.10","10","4","0","0","0","0.0","0.00","1.00","0.75"
"Hero_9_Yellow_Bounce","Hero_9_Yellow_Bounce","Hero_9","Yellow Bounce Rabbit Weapon","Yellow branch: stronger chaining and more bounce targets.","/Game/Weapons/Sprites/Yellow/Hero_9_Yellow_Bounce.Hero_9_Yellow_Bounce","Yellow","Bounce","1.55","1.10","1.15","1.10","10","0","4","0","0","0.0","0.00","1.00","0.75"
"Hero_9_Yellow_AOE","Hero_9_Yellow_AOE","Hero_9","Yellow AOE Rabbit Weapon","Yellow branch: wider auto-attack splash and area pressure.","/Game/Weapons/Sprites/Yellow/Hero_9_Yellow_AOE.Hero_9_Yellow_AOE","Yellow","AOE","1.55","1.10","1.15","1.10","10","0","0","1","0","260.0","0.00","1.00","1.00"
"Hero_9_Yellow_DOT","Hero_9_Yellow_DOT","Hero_9","Yellow DOT Rabbit Weapon","Yellow branch: longer damaging ticks attached to the auto-attack payload.","/Game/Weapons/Sprites/Yellow/Hero_9_Yellow_DOT.Hero_9_Yellow_DOT","Yellow","DOT","1.55","1.10","1.15","1.10","10","0","0","0","1","0.0","2.25","1.50","1.00"
"Hero_9_White_Pierce","Hero_9_White_Pierce","Hero_9","White Pierce Rabbit Weapon","White branch: heavier damage falloff control and more pierce targets.","/Game/Weapons/Sprites/White/Hero_9_White_Pierce.Hero_9_White_Pierce","White","Pierce","1.80","1.15","1.25","1.15","16","6","0","0","0","0.0","0.00","1.00","0.70"
"Hero_9_White_Bounce","Hero_9_White_Bounce","Hero_9","White Bounce Rabbit Weapon","White branch: stronger chaining and more bounce targets.","/Game/Weapons/Sprites/White/Hero_9_White_Bounce.Hero_9_White_Bounce","White","Bounce","1.80","1.15","1.25","1.15","16","0","6","0","0","0.0","0.00","1.00","0.70"
"Hero_9_White_AOE","Hero_9_White_AOE","Hero_9","White AOE Rabbit Weapon","White branch: wider auto-attack splash and area pressure.","/Game/Weapons/Sprites/White/Hero_9_White_AOE.Hero_9_White_AOE","White","AOE","1.80","1.15","1.25","1.15","16","0","0","1","0","360.0","0.00","1.00","1.00"
"Hero_9_White_DOT","Hero_9_White_DOT","Hero_9","White DOT Rabbit Weapon","White branch: longer damaging ticks attached to the auto-attack payload.","/Game/Weapons/Sprites/White/Hero_9_White_DOT.Hero_9_White_DOT","White","DOT","1.80","1.15","1.25","1.15","16","0","0","0","1","0.0","3.00","1.75","1.00"
"Hero_10_Grey_Base","Hero_10_Grey_Base","Hero_10","Dog's Starter Weapon","Core AOE auto-attack loadout. Grey starter tier.","/Game/Weapons/Sprites/Grey/Hero_10_Grey_Base.Hero_10_Grey_Base","Grey","AOE","1.10","1.00","1.00","1.00","2","0","0","0","0","0.0","0.0","1.00","1.00"
"Hero_10_Black_Pierce","Hero_10_Black_Pierce","Hero_10","Black Pierce Dog Weapon","Black branch: heavier damage falloff control and more pierce targets.","/Game/Weapons/Sprites/Black/Hero_10_Black_Pierce.Hero_10_Black_Pierce","Black","Pierce","1.20","1.03","1.05","1.03","3","2","0","0","0","0.0","0.00","1.00","0.85"
"Hero_10_Black_Bounce","Hero_10_Black_Bounce","Hero_10","Black Bounce Dog Weapon","Black branch: stronger chaining and more bounce targets.","/Game/Weapons/Sprites/Black/Hero_10_Black_Bounce.Hero_10_Black_Bounce","Black","Bounce","1.20","1.03","1.05","1.03","3","0","2","0","0","0.0","0.00","1.00","0.85"
"Hero_10_Black_AOE","Hero_10_Black_AOE","Hero_10","Black AOE Dog Weapon","Black branch: wider auto-attack splash and area pressure.","/Game/Weapons/Sprites/Black/Hero_10_Black_AOE.Hero_10_Black_AOE","Black","AOE","1.20","1.03","1.05","1.03","3","0","0","1","0","120.0","0.00","1.00","1.00"
"Hero_10_Black_DOT","Hero_10_Black_DOT","Hero_10","Black DOT Dog Weapon","Black branch: longer damaging ticks attached to the auto-attack payload.","/Game/Weapons/Sprites/Black/Hero_10_Black_DOT.Hero_10_Black_DOT","Black","DOT","1.20","1.03","1.05","1.03","3","0","0","0","1","0.0","1.00","1.15","1.00"
"Hero_10_Red_Pierce","Hero_10_Red_Pierce","Hero_10","Red Pierce Dog Weapon","Red branch: heavier damage falloff control and more pierce targets.","/Game/Weapons/Sprites/Red/Hero_10_Red_Pierce.Hero_10_Red_Pierce","Red","Pierce","1.35","1.06","1.10","1.06","6","3","0","0","0","0.0","0.00","1.00","0.80"
"Hero_10_Red_Bounce","Hero_10_Red_Bounce","Hero_10","Red Bounce Dog Weapon","Red branch: stronger chaining and more bounce targets.","/Game/Weapons/Sprites/Red/Hero_10_Red_Bounce.Hero_10_Red_Bounce","Red","Bounce","1.35","1.06","1.10","1.06","6","0","3","0","0","0.0","0.00","1.00","0.80"
"Hero_10_Red_AOE","Hero_10_Red_AOE","Hero_10","Red AOE Dog Weapon","Red branch: wider auto-attack splash and area pressure.","/Game/Weapons/Sprites/Red/Hero_10_Red_AOE.Hero_10_Red_AOE","Red","AOE","1.35","1.06","1.10","1.06","6","0","0","1","0","180.0","0.00","1.00","1.00"
"Hero_10_Red_DOT","Hero_10_Red_DOT","Hero_10","Red DOT Dog Weapon","Red branch: longer damaging ticks attached to the auto-attack payload.","/Game/Weapons/Sprites/Red/Hero_10_Red_DOT.Hero_10_Red_DOT","Red","DOT","1.35","1.06","1.10","1.06","6","0","0","0","1","0.0","1.50","1.30","1.00"
"Hero_10_Yellow_Pierce","Hero_10_Yellow_Pierce","Hero_10","Yellow Pierce Dog Weapon","Yellow branch: heavier damage falloff control and more pierce targets.","/Game/Weapons/Sprites/Yellow/Hero_10_Yellow_Pierce.Hero_10_Yellow_Pierce","Yellow","Pierce","1.55","1.10","1.15","1.10","10","4","0","0","0","0.0","0.00","1.00","0.75"
"Hero_10_Yellow_Bounce","Hero_10_Yellow_Bounce","Hero_10","Yellow Bounce Dog Weapon","Yellow branch: stronger chaining and more bounce targets.","/Game/Weapons/Sprites/Yellow/Hero_10_Yellow_Bounce.Hero_10_Yellow_Bounce","Yellow","Bounce","1.55","1.10","1.15","1.10","10","0","4","0","0","0.0","0.00","1.00","0.75"
"Hero_10_Yellow_AOE","Hero_10_Yellow_AOE","Hero_10","Yellow AOE Dog Weapon","Yellow branch: wider auto-attack splash and area pressure.","/Game/Weapons/Sprites/Yellow/Hero_10_Yellow_AOE.Hero_10_Yellow_AOE","Yellow","AOE","1.55","1.10","1.15","1.10","10","0","0","1","0","260.0","0.00","1.00","1.00"
"Hero_10_Yellow_DOT","Hero_10_Yellow_DOT","Hero_10","Yellow DOT Dog Weapon","Yellow branch: longer damaging ticks attached to the auto-attack payload.","/Game/Weapons/Sprites/Yellow/Hero_10_Yellow_DOT.Hero_10_Yellow_DOT","Yellow","DOT","1.55","1.10","1.15","1.10","10","0","0","0","1","0.0","2.25","1.50","1.00"
"Hero_10_White_Pierce","Hero_10_White_Pierce","Hero_10","White Pierce Dog Weapon","White branch: heavier damage falloff control and more pierce targets.","/Game/Weapons/Sprites/White/Hero_10_White_Pierce.Hero_10_White_Pierce","White","Pierce","1.80","1.15","1.25","1.15","16","6","0","0","0","0.0","0.00","1.00","0.70"
"Hero_10_White_Bounce","Hero_10_White_Bounce","Hero_10","White Bounce Dog Weapon","White branch: stronger chaining and more bounce targets.","/Game/Weapons/Sprites/White/Hero_10_White_Bounce.Hero_10_White_Bounce","White","Bounce","1.80","1.15","1.25","1.15","16","0","6","0","0","0.0","0.00","1.00","0.70"
"Hero_10_White_AOE","Hero_10_White_AOE","Hero_10","White AOE Dog Weapon","White branch: wider auto-attack splash and area pressure.","/Game/Weapons/Sprites/White/Hero_10_White_AOE.Hero_10_White_AOE","White","AOE","1.80","1.15","1.25","1.15","16","0","0","1","0","360.0","0.00","1.00","1.00"
"Hero_10_White_DOT","Hero_10_White_DOT","Hero_10","White DOT Dog Weapon","White branch: longer damaging ticks attached to the auto-attack payload.","/Game/Weapons/Sprites/White/Hero_10_White_DOT.Hero_10_White_DOT","White","DOT","1.80","1.15","1.25","1.15","16","0","0","0","1","0.0","3.00","1.75","1.00"
"Hero_11_Grey_Base","Hero_11_Grey_Base","Hero_11","Shroud's Starter Weapon","Core Pierce auto-attack loadout. Grey starter tier.","/Game/Weapons/Sprites/Grey/Hero_11_Grey_Base.Hero_11_Grey_Base","Grey","Pierce","1.10","1.00","1.00","1.00","2","0","0","0","0","0.0","0.0","1.00","1.00"
"Hero_11_Black_Pierce","Hero_11_Black_Pierce","Hero_11","Black Pierce Shroud Weapon","Black branch: heavier damage falloff control and more pierce targets.","/Game/Weapons/Sprites/Black/Hero_11_Black_Pierce.Hero_11_Black_Pierce","Black","Pierce","1.20","1.03","1.05","1.03","3","2","0","0","0","0.0","0.00","1.00","0.85"
"Hero_11_Black_Bounce","Hero_11_Black_Bounce","Hero_11","Black Bounce Shroud Weapon","Black branch: stronger chaining and more bounce targets.","/Game/Weapons/Sprites/Black/Hero_11_Black_Bounce.Hero_11_Black_Bounce","Black","Bounce","1.20","1.03","1.05","1.03","3","0","2","0","0","0.0","0.00","1.00","0.85"
"Hero_11_Black_AOE","Hero_11_Black_AOE","Hero_11","Black AOE Shroud Weapon","Black branch: wider auto-attack splash and area pressure.","/Game/Weapons/Sprites/Black/Hero_11_Black_AOE.Hero_11_Black_AOE","Black","AOE","1.20","1.03","1.05","1.03","3","0","0","1","0","120.0","0.00","1.00","1.00"
"Hero_11_Black_DOT","Hero_11_Black_DOT","Hero_11","Black DOT Shroud Weapon","Black branch: longer damaging ticks attached to the auto-attack payload.","/Game/Weapons/Sprites/Black/Hero_11_Black_DOT.Hero_11_Black_DOT","Black","DOT","1.20","1.03","1.05","1.03","3","0","0","0","1","0.0","1.00","1.15","1.00"
"Hero_11_Red_Pierce","Hero_11_Red_Pierce","Hero_11","Red Pierce Shroud Weapon","Red branch: heavier damage falloff control and more pierce targets.","/Game/Weapons/Sprites/Red/Hero_11_Red_Pierce.Hero_11_Red_Pierce","Red","Pierce","1.35","1.06","1.10","1.06","6","3","0","0","0","0.0","0.00","1.00","0.80"
"Hero_11_Red_Bounce","Hero_11_Red_Bounce","Hero_11","Red Bounce Shroud Weapon","Red branch: stronger chaining and more bounce targets.","/Game/Weapons/Sprites/Red/Hero_11_Red_Bounce.Hero_11_Red_Bounce","Red","Bounce","1.35","1.06","1.10","1.06","6","0","3","0","0","0.0","0.00","1.00","0.80"
"Hero_11_Red_AOE","Hero_11_Red_AOE","Hero_11","Red AOE Shroud Weapon","Red branch: wider auto-attack splash and area pressure.","/Game/Weapons/Sprites/Red/Hero_11_Red_AOE.Hero_11_Red_AOE","Red","AOE","1.35","1.06","1.10","1.06","6","0","0","1","0","180.0","0.00","1.00","1.00"
"Hero_11_Red_DOT","Hero_11_Red_DOT","Hero_11","Red DOT Shroud Weapon","Red branch: longer damaging ticks attached to the auto-attack payload.","/Game/Weapons/Sprites/Red/Hero_11_Red_DOT.Hero_11_Red_DOT","Red","DOT","1.35","1.06","1.10","1.06","6","0","0","0","1","0.0","1.50","1.30","1.00"
"Hero_11_Yellow_Pierce","Hero_11_Yellow_Pierce","Hero_11","Yellow Pierce Shroud Weapon","Yellow branch: heavier damage falloff control and more pierce targets.","/Game/Weapons/Sprites/Yellow/Hero_11_Yellow_Pierce.Hero_11_Yellow_Pierce","Yellow","Pierce","1.55","1.10","1.15","1.10","10","4","0","0","0","0.0","0.00","1.00","0.75"
"Hero_11_Yellow_Bounce","Hero_11_Yellow_Bounce","Hero_11","Yellow Bounce Shroud Weapon","Yellow branch: stronger chaining and more bounce targets.","/Game/Weapons/Sprites/Yellow/Hero_11_Yellow_Bounce.Hero_11_Yellow_Bounce","Yellow","Bounce","1.55","1.10","1.15","1.10","10","0","4","0","0","0.0","0.00","1.00","0.75"
"Hero_11_Yellow_AOE","Hero_11_Yellow_AOE","Hero_11","Yellow AOE Shroud Weapon","Yellow branch: wider auto-attack splash and area pressure.","/Game/Weapons/Sprites/Yellow/Hero_11_Yellow_AOE.Hero_11_Yellow_AOE","Yellow","AOE","1.55","1.10","1.15","1.10","10","0","0","1","0","260.0","0.00","1.00","1.00"
"Hero_11_Yellow_DOT","Hero_11_Yellow_DOT","Hero_11","Yellow DOT Shroud Weapon","Yellow branch: longer damaging ticks attached to the auto-attack payload.","/Game/Weapons/Sprites/Yellow/Hero_11_Yellow_DOT.Hero_11_Yellow_DOT","Yellow","DOT","1.55","1.10","1.15","1.10","10","0","0","0","1","0.0","2.25","1.50","1.00"
"Hero_11_White_Pierce","Hero_11_White_Pierce","Hero_11","White Pierce Shroud Weapon","White branch: heavier damage falloff control and more pierce targets.","/Game/Weapons/Sprites/White/Hero_11_White_Pierce.Hero_11_White_Pierce","White","Pierce","1.80","1.15","1.25","1.15","16","6","0","0","0","0.0","0.00","1.00","0.70"
"Hero_11_White_Bounce","Hero_11_White_Bounce","Hero_11","White Bounce Shroud Weapon","White branch: stronger chaining and more bounce targets.","/Game/Weapons/Sprites/White/Hero_11_White_Bounce.Hero_11_White_Bounce","White","Bounce","1.80","1.15","1.25","1.15","16","0","6","0","0","0.0","0.00","1.00","0.70"
"Hero_11_White_AOE","Hero_11_White_AOE","Hero_11","White AOE Shroud Weapon","White branch: wider auto-attack splash and area pressure.","/Game/Weapons/Sprites/White/Hero_11_White_AOE.Hero_11_White_AOE","White","AOE","1.80","1.15","1.25","1.15","16","0","0","1","0","360.0","0.00","1.00","1.00"
"Hero_11_White_DOT","Hero_11_White_DOT","Hero_11","White DOT Shroud Weapon","White branch: longer damaging ticks attached to the auto-attack payload.","/Game/Weapons/Sprites/White/Hero_11_White_DOT.Hero_11_White_DOT","White","DOT","1.80","1.15","1.25","1.15","16","0","0","0","1","0.0","3.00","1.75","1.00"
"Hero_12_Grey_Base","Hero_12_Grey_Base","Hero_12","xQc's Starter Weapon","Core Bounce auto-attack loadout. Grey starter tier.","/Game/Weapons/Sprites/Grey/Hero_12_Grey_Base.Hero_12_Grey_Base","Grey","Bounce","1.10","1.00","1.00","1.00","2","0","0","0","0","0.0","0.0","1.00","1.00"
"Hero_12_Black_Pierce","Hero_12_Black_Pierce","Hero_12","Black Pierce xQc Weapon","Black branch: heavier damage falloff control and more pierce targets.","/Game/Weapons/Sprites/Black/Hero_12_Black_Pierce.Hero_12_Black_Pierce","Black","Pierce","1.20","1.03","1.05","1.03","3","2","0","0","0","0.0","0.00","1.00","0.85"
"Hero_12_Black_Bounce","Hero_12_Black_Bounce","Hero_12","Black Bounce xQc Weapon","Black branch: stronger chaining and more bounce targets.","/Game/Weapons/Sprites/Black/Hero_12_Black_Bounce.Hero_12_Black_Bounce","Black","Bounce","1.20","1.03","1.05","1.03","3","0","2","0","0","0.0","0.00","1.00","0.85"
"Hero_12_Black_AOE","Hero_12_Black_AOE","Hero_12","Black AOE xQc Weapon","Black branch: wider auto-attack splash and area pressure.","/Game/Weapons/Sprites/Black/Hero_12_Black_AOE.Hero_12_Black_AOE","Black","AOE","1.20","1.03","1.05","1.03","3","0","0","1","0","120.0","0.00","1.00","1.00"
"Hero_12_Black_DOT","Hero_12_Black_DOT","Hero_12","Black DOT xQc Weapon","Black branch: longer damaging ticks attached to the auto-attack payload.","/Game/Weapons/Sprites/Black/Hero_12_Black_DOT.Hero_12_Black_DOT","Black","DOT","1.20","1.03","1.05","1.03","3","0","0","0","1","0.0","1.00","1.15","1.00"
"Hero_12_Red_Pierce","Hero_12_Red_Pierce","Hero_12","Red Pierce xQc Weapon","Red branch: heavier damage falloff control and more pierce targets.","/Game/Weapons/Sprites/Red/Hero_12_Red_Pierce.Hero_12_Red_Pierce","Red","Pierce","1.35","1.06","1.10","1.06","6","3","0","0","0","0.0","0.00","1.00","0.80"
"Hero_12_Red_Bounce","Hero_12_Red_Bounce","Hero_12","Red Bounce xQc Weapon","Red branch: stronger chaining and more bounce targets.","/Game/Weapons/Sprites/Red/Hero_12_Red_Bounce.Hero_12_Red_Bounce","Red","Bounce","1.35","1.06","1.10","1.06","6","0","3","0","0","0.0","0.00","1.00","0.80"
"Hero_12_Red_AOE","Hero_12_Red_AOE","Hero_12","Red AOE xQc Weapon","Red branch: wider auto-attack splash and area pressure.","/Game/Weapons/Sprites/Red/Hero_12_Red_AOE.Hero_12_Red_AOE","Red","AOE","1.35","1.06","1.10","1.06","6","0","0","1","0","180.0","0.00","1.00","1.00"
"Hero_12_Red_DOT","Hero_12_Red_DOT","Hero_12","Red DOT xQc Weapon","Red branch: longer damaging ticks attached to the auto-attack payload.","/Game/Weapons/Sprites/Red/Hero_12_Red_DOT.Hero_12_Red_DOT","Red","DOT","1.35","1.06","1.10","1.06","6","0","0","0","1","0.0","1.50","1.30","1.00"
"Hero_12_Yellow_Pierce","Hero_12_Yellow_Pierce","Hero_12","Yellow Pierce xQc Weapon","Yellow branch: heavier damage falloff control and more pierce targets.","/Game/Weapons/Sprites/Yellow/Hero_12_Yellow_Pierce.Hero_12_Yellow_Pierce","Yellow","Pierce","1.55","1.10","1.15","1.10","10","4","0","0","0","0.0","0.00","1.00","0.75"
"Hero_12_Yellow_Bounce","Hero_12_Yellow_Bounce","Hero_12","Yellow Bounce xQc Weapon","Yellow branch: stronger chaining and more bounce targets.","/Game/Weapons/Sprites/Yellow/Hero_12_Yellow_Bounce.Hero_12_Yellow_Bounce","Yellow","Bounce","1.55","1.10","1.15","1.10","10","0","4","0","0","0.0","0.00","1.00","0.75"
"Hero_12_Yellow_AOE","Hero_12_Yellow_AOE","Hero_12","Yellow AOE xQc Weapon","Yellow branch: wider auto-attack splash and area pressure.","/Game/Weapons/Sprites/Yellow/Hero_12_Yellow_AOE.Hero_12_Yellow_AOE","Yellow","AOE","1.55","1.10","1.15","1.10","10","0","0","1","0","260.0","0.00","1.00","1.00"
"Hero_12_Yellow_DOT","Hero_12_Yellow_DOT","Hero_12","Yellow DOT xQc Weapon","Yellow branch: longer damaging ticks attached to the auto-attack payload.","/Game/Weapons/Sprites/Yellow/Hero_12_Yellow_DOT.Hero_12_Yellow_DOT","Yellow","DOT","1.55","1.10","1.15","1.10","10","0","0","0","1","0.0","2.25","1.50","1.00"
"Hero_12_White_Pierce","Hero_12_White_Pierce","Hero_12","White Pierce xQc Weapon","White branch: heavier damage falloff control and more pierce targets.","/Game/Weapons/Sprites/White/Hero_12_White_Pierce.Hero_12_White_Pierce","White","Pierce","1.80","1.15","1.25","1.15","16","6","0","0","0","0.0","0.00","1.00","0.70"
"Hero_12_White_Bounce","Hero_12_White_Bounce","Hero_12","White Bounce xQc Weapon","White branch: stronger chaining and more bounce targets.","/Game/Weapons/Sprites/White/Hero_12_White_Bounce.Hero_12_White_Bounce","White","Bounce","1.80","1.15","1.25","1.15","16","0","6","0","0","0.0","0.00","1.00","0.70"
"Hero_12_White_AOE","Hero_12_White_AOE","Hero_12","White AOE xQc Weapon","White branch: wider auto-attack splash and area pressure.","/Game/Weapons/Sprites/White/Hero_12_White_AOE.Hero_12_White_AOE","White","AOE","1.80","1.15","1.25","1.15","16","0","0","1","0","360.0","0.00","1.00","1.00"
"Hero_12_White_DOT","Hero_12_White_DOT","Hero_12","White DOT xQc Weapon","White branch: longer damaging ticks attached to the auto-attack payload.","/Game/Weapons/Sprites/White/Hero_12_White_DOT.Hero_12_White_DOT","White","DOT","1.80","1.15","1.25","1.15","16","0","0","0","1","0.0","3.00","1.75","1.00"
"Hero_13_Grey_Base","Hero_13_Grey_Base","Hero_13","Moist's Starter Weapon","Core DOT auto-attack loadout. Grey starter tier.","/Game/Weapons/Sprites/Grey/Hero_13_Grey_Base.Hero_13_Grey_Base","Grey","DOT","1.10","1.00","1.00","1.00","2","0","0","0","0","0.0","0.0","1.00","1.00"
"Hero_13_Black_Pierce","Hero_13_Black_Pierce","Hero_13","Black Pierce Moist Weapon","Black branch: heavier damage falloff control and more pierce targets.","/Game/Weapons/Sprites/Black/Hero_13_Black_Pierce.Hero_13_Black_Pierce","Black","Pierce","1.20","1.03","1.05","1.03","3","2","0","0","0","0.0","0.00","1.00","0.85"
"Hero_13_Black_Bounce","Hero_13_Black_Bounce","Hero_13","Black Bounce Moist Weapon","Black branch: stronger chaining and more bounce targets.","/Game/Weapons/Sprites/Black/Hero_13_Black_Bounce.Hero_13_Black_Bounce","Black","Bounce","1.20","1.03","1.05","1.03","3","0","2","0","0","0.0","0.00","1.00","0.85"
"Hero_13_Black_AOE","Hero_13_Black_AOE","Hero_13","Black AOE Moist Weapon","Black branch: wider auto-attack splash and area pressure.","/Game/Weapons/Sprites/Black/Hero_13_Black_AOE.Hero_13_Black_AOE","Black","AOE","1.20","1.03","1.05","1.03","3","0","0","1","0","120.0","0.00","1.00","1.00"
"Hero_13_Black_DOT","Hero_13_Black_DOT","Hero_13","Black DOT Moist Weapon","Black branch: longer damaging ticks attached to the auto-attack payload.","/Game/Weapons/Sprites/Black/Hero_13_Black_DOT.Hero_13_Black_DOT","Black","DOT","1.20","1.03","1.05","1.03","3","0","0","0","1","0.0","1.00","1.15","1.00"
"Hero_13_Red_Pierce","Hero_13_Red_Pierce","Hero_13","Red Pierce Moist Weapon","Red branch: heavier damage falloff control and more pierce targets.","/Game/Weapons/Sprites/Red/Hero_13_Red_Pierce.Hero_13_Red_Pierce","Red","Pierce","1.35","1.06","1.10","1.06","6","3","0","0","0","0.0","0.00","1.00","0.80"
"Hero_13_Red_Bounce","Hero_13_Red_Bounce","Hero_13","Red Bounce Moist Weapon","Red branch: stronger chaining and more bounce targets.","/Game/Weapons/Sprites/Red/Hero_13_Red_Bounce.Hero_13_Red_Bounce","Red","Bounce","1.35","1.06","1.10","1.06","6","0","3","0","0","0.0","0.00","1.00","0.80"
"Hero_13_Red_AOE","Hero_13_Red_AOE","Hero_13","Red AOE Moist Weapon","Red branch: wider auto-attack splash and area pressure.","/Game/Weapons/Sprites/Red/Hero_13_Red_AOE.Hero_13_Red_AOE","Red","AOE","1.35","1.06","1.10","1.06","6","0","0","1","0","180.0","0.00","1.00","1.00"
"Hero_13_Red_DOT","Hero_13_Red_DOT","Hero_13","Red DOT Moist Weapon","Red branch: longer damaging ticks attached to the auto-attack payload.","/Game/Weapons/Sprites/Red/Hero_13_Red_DOT.Hero_13_Red_DOT","Red","DOT","1.35","1.06","1.10","1.06","6","0","0","0","1","0.0","1.50","1.30","1.00"
"Hero_13_Yellow_Pierce","Hero_13_Yellow_Pierce","Hero_13","Yellow Pierce Moist Weapon","Yellow branch: heavier damage falloff control and more pierce targets.","/Game/Weapons/Sprites/Yellow/Hero_13_Yellow_Pierce.Hero_13_Yellow_Pierce","Yellow","Pierce","1.55","1.10","1.15","1.10","10","4","0","0","0","0.0","0.00","1.00","0.75"
"Hero_13_Yellow_Bounce","Hero_13_Yellow_Bounce","Hero_13","Yellow Bounce Moist Weapon","Yellow branch: stronger chaining and more bounce targets.","/Game/Weapons/Sprites/Yellow/Hero_13_Yellow_Bounce.Hero_13_Yellow_Bounce","Yellow","Bounce","1.55","1.10","1.15","1.10","10","0","4","0","0","0.0","0.00","1.00","0.75"
"Hero_13_Yellow_AOE","Hero_13_Yellow_AOE","Hero_13","Yellow AOE Moist Weapon","Yellow branch: wider auto-attack splash and area pressure.","/Game/Weapons/Sprites/Yellow/Hero_13_Yellow_AOE.Hero_13_Yellow_AOE","Yellow","AOE","1.55","1.10","1.15","1.10","10","0","0","1","0","260.0","0.00","1.00","1.00"
"Hero_13_Yellow_DOT","Hero_13_Yellow_DOT","Hero_13","Yellow DOT Moist Weapon","Yellow branch: longer damaging ticks attached to the auto-attack payload.","/Game/Weapons/Sprites/Yellow/Hero_13_Yellow_DOT.Hero_13_Yellow_DOT","Yellow","DOT","1.55","1.10","1.15","1.10","10","0","0","0","1","0.0","2.25","1.50","1.00"
"Hero_13_White_Pierce","Hero_13_White_Pierce","Hero_13","White Pierce Moist Weapon","White branch: heavier damage falloff control and more pierce targets.","/Game/Weapons/Sprites/White/Hero_13_White_Pierce.Hero_13_White_Pierce","White","Pierce","1.80","1.15","1.25","1.15","16","6","0","0","0","0.0","0.00","1.00","0.70"
"Hero_13_White_Bounce","Hero_13_White_Bounce","Hero_13","White Bounce Moist Weapon","White branch: stronger chaining and more bounce targets.","/Game/Weapons/Sprites/White/Hero_13_White_Bounce.Hero_13_White_Bounce","White","Bounce","1.80","1.15","1.25","1.15","16","0","6","0","0","0.0","0.00","1.00","0.70"
"Hero_13_White_AOE","Hero_13_White_AOE","Hero_13","White AOE Moist Weapon","White branch: wider auto-attack splash and area pressure.","/Game/Weapons/Sprites/White/Hero_13_White_AOE.Hero_13_White_AOE","White","AOE","1.80","1.15","1.25","1.15","16","0","0","1","0","360.0","0.00","1.00","1.00"
"Hero_13_White_DOT","Hero_13_White_DOT","Hero_13","White DOT Moist Weapon","White branch: longer damaging ticks attached to the auto-attack payload.","/Game/Weapons/Sprites/White/Hero_13_White_DOT.Hero_13_White_DOT","White","DOT","1.80","1.15","1.25","1.15","16","0","0","0","1","0.0","3.00","1.75","1.00"
"Hero_14_Grey_Base","Hero_14_Grey_Base","Hero_14","North's Starter Weapon","Core DOT auto-attack loadout. Grey starter tier.","/Game/Weapons/Sprites/Grey/Hero_14_Grey_Base.Hero_14_Grey_Base","Grey","DOT","1.10","1.00","1.00","1.00","2","0","0","0","0","0.0","0.0","1.00","1.00"
"Hero_14_Black_Pierce","Hero_14_Black_Pierce","Hero_14","Black Pierce North Weapon","Black branch: heavier damage falloff control and more pierce targets.","/Game/Weapons/Sprites/Black/Hero_14_Black_Pierce.Hero_14_Black_Pierce","Black","Pierce","1.20","1.03","1.05","1.03","3","2","0","0","0","0.0","0.00","1.00","0.85"
"Hero_14_Black_Bounce","Hero_14_Black_Bounce","Hero_14","Black Bounce North Weapon","Black branch: stronger chaining and more bounce targets.","/Game/Weapons/Sprites/Black/Hero_14_Black_Bounce.Hero_14_Black_Bounce","Black","Bounce","1.20","1.03","1.05","1.03","3","0","2","0","0","0.0","0.00","1.00","0.85"
"Hero_14_Black_AOE","Hero_14_Black_AOE","Hero_14","Black AOE North Weapon","Black branch: wider auto-attack splash and area pressure.","/Game/Weapons/Sprites/Black/Hero_14_Black_AOE.Hero_14_Black_AOE","Black","AOE","1.20","1.03","1.05","1.03","3","0","0","1","0","120.0","0.00","1.00","1.00"
"Hero_14_Black_DOT","Hero_14_Black_DOT","Hero_14","Black DOT North Weapon","Black branch: longer damaging ticks attached to the auto-attack payload.","/Game/Weapons/Sprites/Black/Hero_14_Black_DOT.Hero_14_Black_DOT","Black","DOT","1.20","1.03","1.05","1.03","3","0","0","0","1","0.0","1.00","1.15","1.00"
"Hero_14_Red_Pierce","Hero_14_Red_Pierce","Hero_14","Red Pierce North Weapon","Red branch: heavier damage falloff control and more pierce targets.","/Game/Weapons/Sprites/Red/Hero_14_Red_Pierce.Hero_14_Red_Pierce","Red","Pierce","1.35","1.06","1.10","1.06","6","3","0","0","0","0.0","0.00","1.00","0.80"
"Hero_14_Red_Bounce","Hero_14_Red_Bounce","Hero_14","Red Bounce North Weapon","Red branch: stronger chaining and more bounce targets.","/Game/Weapons/Sprites/Red/Hero_14_Red_Bounce.Hero_14_Red_Bounce","Red","Bounce","1.35","1.06","1.10","1.06","6","0","3","0","0","0.0","0.00","1.00","0.80"
"Hero_14_Red_AOE","Hero_14_Red_AOE","Hero_14","Red AOE North Weapon","Red branch: wider auto-attack splash and area pressure.","/Game/Weapons/Sprites/Red/Hero_14_Red_AOE.Hero_14_Red_AOE","Red","AOE","1.35","1.06","1.10","1.06","6","0","0","1","0","180.0","0.00","1.00","1.00"
"Hero_14_Red_DOT","Hero_14_Red_DOT","Hero_14","Red DOT North Weapon","Red branch: longer damaging ticks attached to the auto-attack payload.","/Game/Weapons/Sprites/Red/Hero_14_Red_DOT.Hero_14_Red_DOT","Red","DOT","1.35","1.06","1.10","1.06","6","0","0","0","1","0.0","1.50","1.30","1.00"
"Hero_14_Yellow_Pierce","Hero_14_Yellow_Pierce","Hero_14","Yellow Pierce North Weapon","Yellow branch: heavier damage falloff control and more pierce targets.","/Game/Weapons/Sprites/Yellow/Hero_14_Yellow_Pierce.Hero_14_Yellow_Pierce","Yellow","Pierce","1.55","1.10","1.15","1.10","10","4","0","0","0","0.0","0.00","1.00","0.75"
"Hero_14_Yellow_Bounce","Hero_14_Yellow_Bounce","Hero_14","Yellow Bounce North Weapon","Yellow branch: stronger chaining and more bounce targets.","/Game/Weapons/Sprites/Yellow/Hero_14_Yellow_Bounce.Hero_14_Yellow_Bounce","Yellow","Bounce","1.55","1.10","1.15","1.10","10","0","4","0","0","0.0","0.00","1.00","0.75"
"Hero_14_Yellow_AOE","Hero_14_Yellow_AOE","Hero_14","Yellow AOE North Weapon","Yellow branch: wider auto-attack splash and area pressure.","/Game/Weapons/Sprites/Yellow/Hero_14_Yellow_AOE.Hero_14_Yellow_AOE","Yellow","AOE","1.55","1.10","1.15","1.10","10","0","0","1","0","260.0","0.00","1.00","1.00"
"Hero_14_Yellow_DOT","Hero_14_Yellow_DOT","Hero_14","Yellow DOT North Weapon","Yellow branch: longer damaging ticks attached to the auto-attack payload.","/Game/Weapons/Sprites/Yellow/Hero_14_Yellow_DOT.Hero_14_Yellow_DOT","Yellow","DOT","1.55","1.10","1.15","1.10","10","0","0","0","1","0.0","2.25","1.50","1.00"
"Hero_14_White_Pierce","Hero_14_White_Pierce","Hero_14","White Pierce North Weapon","White branch: heavier damage falloff control and more pierce targets.","/Game/Weapons/Sprites/White/Hero_14_White_Pierce.Hero_14_White_Pierce","White","Pierce","1.80","1.15","1.25","1.15","16","6","0","0","0","0.0","0.00","1.00","0.70"
"Hero_14_White_Bounce","Hero_14_White_Bounce","Hero_14","White Bounce North Weapon","White branch: stronger chaining and more bounce targets.","/Game/Weapons/Sprites/White/Hero_14_White_Bounce.Hero_14_White_Bounce","White","Bounce","1.80","1.15","1.25","1.15","16","0","6","0","0","0.0","0.00","1.00","0.70"
"Hero_14_White_AOE","Hero_14_White_AOE","Hero_14","White AOE North Weapon","White branch: wider auto-attack splash and area pressure.","/Game/Weapons/Sprites/White/Hero_14_White_AOE.Hero_14_White_AOE","White","AOE","1.80","1.15","1.25","1.15","16","0","0","1","0","360.0","0.00","1.00","1.00"
"Hero_14_White_DOT","Hero_14_White_DOT","Hero_14","White DOT North Weapon","White branch: longer damaging ticks attached to the auto-attack payload.","/Game/Weapons/Sprites/White/Hero_14_White_DOT.Hero_14_White_DOT","White","DOT","1.80","1.15","1.25","1.15","16","0","0","0","1","0.0","3.00","1.75","1.00"
"Hero_15_Grey_Base","Hero_15_Grey_Base","Hero_15","Asmon's Starter Weapon","Core AOE auto-attack loadout. Grey starter tier.","/Game/Weapons/Sprites/Grey/Hero_15_Grey_Base.Hero_15_Grey_Base","Grey","AOE","1.10","1.00","1.00","1.00","2","0","0","0","0","0.0","0.0","1.00","1.00"
"Hero_15_Black_Pierce","Hero_15_Black_Pierce","Hero_15","Black Pierce Asmon Weapon","Black branch: heavier damage falloff control and more pierce targets.","/Game/Weapons/Sprites/Black/Hero_15_Black_Pierce.Hero_15_Black_Pierce","Black","Pierce","1.20","1.03","1.05","1.03","3","2","0","0","0","0.0","0.00","1.00","0.85"
"Hero_15_Black_Bounce","Hero_15_Black_Bounce","Hero_15","Black Bounce Asmon Weapon","Black branch: stronger chaining and more bounce targets.","/Game/Weapons/Sprites/Black/Hero_15_Black_Bounce.Hero_15_Black_Bounce","Black","Bounce","1.20","1.03","1.05","1.03","3","0","2","0","0","0.0","0.00","1.00","0.85"
"Hero_15_Black_AOE","Hero_15_Black_AOE","Hero_15","Black AOE Asmon Weapon","Black branch: wider auto-attack splash and area pressure.","/Game/Weapons/Sprites/Black/Hero_15_Black_AOE.Hero_15_Black_AOE","Black","AOE","1.20","1.03","1.05","1.03","3","0","0","1","0","120.0","0.00","1.00","1.00"
"Hero_15_Black_DOT","Hero_15_Black_DOT","Hero_15","Black DOT Asmon Weapon","Black branch: longer damaging ticks attached to the auto-attack payload.","/Game/Weapons/Sprites/Black/Hero_15_Black_DOT.Hero_15_Black_DOT","Black","DOT","1.20","1.03","1.05","1.03","3","0","0","0","1","0.0","1.00","1.15","1.00"
"Hero_15_Red_Pierce","Hero_15_Red_Pierce","Hero_15","Red Pierce Asmon Weapon","Red branch: heavier damage falloff control and more pierce targets.","/Game/Weapons/Sprites/Red/Hero_15_Red_Pierce.Hero_15_Red_Pierce","Red","Pierce","1.35","1.06","1.10","1.06","6","3","0","0","0","0.0","0.00","1.00","0.80"
"Hero_15_Red_Bounce","Hero_15_Red_Bounce","Hero_15","Red Bounce Asmon Weapon","Red branch: stronger chaining and more bounce targets.","/Game/Weapons/Sprites/Red/Hero_15_Red_Bounce.Hero_15_Red_Bounce","Red","Bounce","1.35","1.06","1.10","1.06","6","0","3","0","0","0.0","0.00","1.00","0.80"
"Hero_15_Red_AOE","Hero_15_Red_AOE","Hero_15","Red AOE Asmon Weapon","Red branch: wider auto-attack splash and area pressure.","/Game/Weapons/Sprites/Red/Hero_15_Red_AOE.Hero_15_Red_AOE","Red","AOE","1.35","1.06","1.10","1.06","6","0","0","1","0","180.0","0.00","1.00","1.00"
"Hero_15_Red_DOT","Hero_15_Red_DOT","Hero_15","Red DOT Asmon Weapon","Red branch: longer damaging ticks attached to the auto-attack payload.","/Game/Weapons/Sprites/Red/Hero_15_Red_DOT.Hero_15_Red_DOT","Red","DOT","1.35","1.06","1.10","1.06","6","0","0","0","1","0.0","1.50","1.30","1.00"
"Hero_15_Yellow_Pierce","Hero_15_Yellow_Pierce","Hero_15","Yellow Pierce Asmon Weapon","Yellow branch: heavier damage falloff control and more pierce targets.","/Game/Weapons/Sprites/Yellow/Hero_15_Yellow_Pierce.Hero_15_Yellow_Pierce","Yellow","Pierce","1.55","1.10","1.15","1.10","10","4","0","0","0","0.0","0.00","1.00","0.75"
"Hero_15_Yellow_Bounce","Hero_15_Yellow_Bounce","Hero_15","Yellow Bounce Asmon Weapon","Yellow branch: stronger chaining and more bounce targets.","/Game/Weapons/Sprites/Yellow/Hero_15_Yellow_Bounce.Hero_15_Yellow_Bounce","Yellow","Bounce","1.55","1.10","1.15","1.10","10","0","4","0","0","0.0","0.00","1.00","0.75"
"Hero_15_Yellow_AOE","Hero_15_Yellow_AOE","Hero_15","Yellow AOE Asmon Weapon","Yellow branch: wider auto-attack splash and area pressure.","/Game/Weapons/Sprites/Yellow/Hero_15_Yellow_AOE.Hero_15_Yellow_AOE","Yellow","AOE","1.55","1.10","1.15","1.10","10","0","0","1","0","260.0","0.00","1.00","1.00"
"Hero_15_Yellow_DOT","Hero_15_Yellow_DOT","Hero_15","Yellow DOT Asmon Weapon","Yellow branch: longer damaging ticks attached to the auto-attack payload.","/Game/Weapons/Sprites/Yellow/Hero_15_Yellow_DOT.Hero_15_Yellow_DOT","Yellow","DOT","1.55","1.10","1.15","1.10","10","0","0","0","1","0.0","2.25","1.50","1.00"
"Hero_15_White_Pierce","Hero_15_White_Pierce","Hero_15","White Pierce Asmon Weapon","White branch: heavier damage falloff control and more pierce targets.","/Game/Weapons/Sprites/White/Hero_15_White_Pierce.Hero_15_White_Pierce","White","Pierce","1.80","1.15","1.25","1.15","16","6","0","0","0","0.0","0.00","1.00","0.70"
"Hero_15_White_Bounce","Hero_15_White_Bounce","Hero_15","White Bounce Asmon Weapon","White branch: stronger chaining and more bounce targets.","/Game/Weapons/Sprites/White/Hero_15_White_Bounce.Hero_15_White_Bounce","White","Bounce","1.80","1.15","1.25","1.15","16","0","6","0","0","0.0","0.00","1.00","0.70"
"Hero_15_White_AOE","Hero_15_White_AOE","Hero_15","White AOE Asmon Weapon","White branch: wider auto-attack splash and area pressure.","/Game/Weapons/Sprites/White/Hero_15_White_AOE.Hero_15_White_AOE","White","AOE","1.80","1.15","1.25","1.15","16","0","0","1","0","360.0","0.00","1.00","1.00"
"Hero_15_White_DOT","Hero_15_White_DOT","Hero_15","White DOT Asmon Weapon","White branch: longer damaging ticks attached to the auto-attack payload.","/Game/Weapons/Sprites/White/Hero_15_White_DOT.Hero_15_White_DOT","White","DOT","1.80","1.15","1.25","1.15","16","0","0","0","1","0.0","3.00","1.75","1.00"
"Hero_16_Grey_Base","Hero_16_Grey_Base","Hero_16","Forsen's Starter Weapon","Core DOT auto-attack loadout. Grey starter tier.","/Game/Weapons/Sprites/Grey/Hero_16_Grey_Base.Hero_16_Grey_Base","Grey","DOT","1.10","1.00","1.00","1.00","2","0","0","0","0","0.0","0.0","1.00","1.00"
"Hero_16_Black_Pierce","Hero_16_Black_Pierce","Hero_16","Black Pierce Forsen Weapon","Black branch: heavier damage falloff control and more pierce targets.","/Game/Weapons/Sprites/Black/Hero_16_Black_Pierce.Hero_16_Black_Pierce","Black","Pierce","1.20","1.03","1.05","1.03","3","2","0","0","0","0.0","0.00","1.00","0.85"
"Hero_16_Black_Bounce","Hero_16_Black_Bounce","Hero_16","Black Bounce Forsen Weapon","Black branch: stronger chaining and more bounce targets.","/Game/Weapons/Sprites/Black/Hero_16_Black_Bounce.Hero_16_Black_Bounce","Black","Bounce","1.20","1.03","1.05","1.03","3","0","2","0","0","0.0","0.00","1.00","0.85"
"Hero_16_Black_AOE","Hero_16_Black_AOE","Hero_16","Black AOE Forsen Weapon","Black branch: wider auto-attack splash and area pressure.","/Game/Weapons/Sprites/Black/Hero_16_Black_AOE.Hero_16_Black_AOE","Black","AOE","1.20","1.03","1.05","1.03","3","0","0","1","0","120.0","0.00","1.00","1.00"
"Hero_16_Black_DOT","Hero_16_Black_DOT","Hero_16","Black DOT Forsen Weapon","Black branch: longer damaging ticks attached to the auto-attack payload.","/Game/Weapons/Sprites/Black/Hero_16_Black_DOT.Hero_16_Black_DOT","Black","DOT","1.20","1.03","1.05","1.03","3","0","0","0","1","0.0","1.00","1.15","1.00"
"Hero_16_Red_Pierce","Hero_16_Red_Pierce","Hero_16","Red Pierce Forsen Weapon","Red branch: heavier damage falloff control and more pierce targets.","/Game/Weapons/Sprites/Red/Hero_16_Red_Pierce.Hero_16_Red_Pierce","Red","Pierce","1.35","1.06","1.10","1.06","6","3","0","0","0","0.0","0.00","1.00","0.80"
"Hero_16_Red_Bounce","Hero_16_Red_Bounce","Hero_16","Red Bounce Forsen Weapon","Red branch: stronger chaining and more bounce targets.","/Game/Weapons/Sprites/Red/Hero_16_Red_Bounce.Hero_16_Red_Bounce","Red","Bounce","1.35","1.06","1.10","1.06","6","0","3","0","0","0.0","0.00","1.00","0.80"
"Hero_16_Red_AOE","Hero_16_Red_AOE","Hero_16","Red AOE Forsen Weapon","Red branch: wider auto-attack splash and area pressure.","/Game/Weapons/Sprites/Red/Hero_16_Red_AOE.Hero_16_Red_AOE","Red","AOE","1.35","1.06","1.10","1.06","6","0","0","1","0","180.0","0.00","1.00","1.00"
"Hero_16_Red_DOT","Hero_16_Red_DOT","Hero_16","Red DOT Forsen Weapon","Red branch: longer damaging ticks attached to the auto-attack payload.","/Game/Weapons/Sprites/Red/Hero_16_Red_DOT.Hero_16_Red_DOT","Red","DOT","1.35","1.06","1.10","1.06","6","0","0","0","1","0.0","1.50","1.30","1.00"
"Hero_16_Yellow_Pierce","Hero_16_Yellow_Pierce","Hero_16","Yellow Pierce Forsen Weapon","Yellow branch: heavier damage falloff control and more pierce targets.","/Game/Weapons/Sprites/Yellow/Hero_16_Yellow_Pierce.Hero_16_Yellow_Pierce","Yellow","Pierce","1.55","1.10","1.15","1.10","10","4","0","0","0","0.0","0.00","1.00","0.75"
"Hero_16_Yellow_Bounce","Hero_16_Yellow_Bounce","Hero_16","Yellow Bounce Forsen Weapon","Yellow branch: stronger chaining and more bounce targets.","/Game/Weapons/Sprites/Yellow/Hero_16_Yellow_Bounce.Hero_16_Yellow_Bounce","Yellow","Bounce","1.55","1.10","1.15","1.10","10","0","4","0","0","0.0","0.00","1.00","0.75"
"Hero_16_Yellow_AOE","Hero_16_Yellow_AOE","Hero_16","Yellow AOE Forsen Weapon","Yellow branch: wider auto-attack splash and area pressure.","/Game/Weapons/Sprites/Yellow/Hero_16_Yellow_AOE.Hero_16_Yellow_AOE","Yellow","AOE","1.55","1.10","1.15","1.10","10","0","0","1","0","260.0","0.00","1.00","1.00"
"Hero_16_Yellow_DOT","Hero_16_Yellow_DOT","Hero_16","Yellow DOT Forsen Weapon","Yellow branch: longer damaging ticks attached to the auto-attack payload.","/Game/Weapons/Sprites/Yellow/Hero_16_Yellow_DOT.Hero_16_Yellow_DOT","Yellow","DOT","1.55","1.10","1.15","1.10","10","0","0","0","1","0.0","2.25","1.50","1.00"
"Hero_16_White_Pierce","Hero_16_White_Pierce","Hero_16","White Pierce Forsen Weapon","White branch: heavier damage falloff control and more pierce targets.","/Game/Weapons/Sprites/White/Hero_16_White_Pierce.Hero_16_White_Pierce","White","Pierce","1.80","1.15","1.25","1.15","16","6","0","0","0","0.0","0.00","1.00","0.70"
"Hero_16_White_Bounce","Hero_16_White_Bounce","Hero_16","White Bounce Forsen Weapon","White branch: stronger chaining and more bounce targets.","/Game/Weapons/Sprites/White/Hero_16_White_Bounce.Hero_16_White_Bounce","White","Bounce","1.80","1.15","1.25","1.15","16","0","6","0","0","0.0","0.00","1.00","0.70"
"Hero_16_White_AOE","Hero_16_White_AOE","Hero_16","White AOE Forsen Weapon","White branch: wider auto-attack splash and area pressure.","/Game/Weapons/Sprites/White/Hero_16_White_AOE.Hero_16_White_AOE","White","AOE","1.80","1.15","1.25","1.15","16","0","0","1","0","360.0","0.00","1.00","1.00"
"Hero_16_White_DOT","Hero_16_White_DOT","Hero_16","White DOT Forsen Weapon","White branch: longer damaging ticks attached to the auto-attack payload.","/Game/Weapons/Sprites/White/Hero_16_White_DOT.Hero_16_White_DOT","White","DOT","1.80","1.15","1.25","1.15","16","0","0","0","1","0.0","3.00","1.75","1.00"
